product,answer_option,label,review_len
Accucheck,Fast and accurate delivery,0,4
Accucheck,As usual it is genuine,0,5
Accucheck,Behavior of delivery boy is very bad Delivery time is long where as other online stores are providing better facilities,0,20
Accucheck,These strips were as per my requirement,0,7
Accucheck,Fast service was good,0,4
Accucheck,Received 10 strips and 2 packets of lancets in place of 100 strips,0,13
Accucheck,Does not fit my machine,0,5
Accucheck,Discount and quick response,0,4
Accucheck,Fast delivery with good packing,0,5
Accucheck,My favorite daily needs as trusted,0,6
Accucheck,I liked the simplifies ordering process,0,6
Accucheck,have been using the product is fine,0,7
Accucheck,Does not fit into my new Accu-Chek glucometer received recently . Box of 50 strips was ordered along with the Glucometer and I presumed it to be the right one .,0,31
Accucheck,its some Chinese vendor product not the actual Accu-Chek strip,0,10
Accucheck,packing is good and date of expire is more,0,9
Accucheck,It get deliver on time and I get good discount,0,10
Accucheck,Good discount & fast delivery,0,5
Accucheck,INTERNAL PACKING IS DAMAGED,0,4
Accucheck,Very Nice product and prompt delivery,0,6
Accucheck,Product is good as described,0,5
Accucheck,Ease of doing business,0,4
Accucheck,Can not see expire before order all other is good,0,10
Accucheck,Your packing was very bad and it was torn somewhere,0,10
Accucheck,Everything is right there but please try to cut rate on 50 or 100 strips after that it will be reach in more hands thanks,0,25
Accucheck,The product is good,0,4
Accucheck,The Accu-Chek active strips are quite reliable,1,7
Accucheck,The supply is as per requirement and satisfaction,0,8
Accucheck,Price expected RS 650/-,0,4
Accucheck,its value for money and cheaper than market,0,8
Accucheck,addition of delivery charges on the purchase more than Rs. 1000/,0,11
Accucheck,It is easy to see blood sugar,1,7
Accucheck,Product ordered wrong and not replace first time shop and had loss of 600/_ I am not rich person I ordered from you for save some money and got loss And till now not able to purchase new strip for checking my blood sugar what is going in my bong I dont know,0,53
Accucheck,Overall experience was good,0,4
Accucheck,I like the app because it contains all medicine,0,9
Accucheck,Nothing to dislike.,0,3
Accucheck,"Yes, I like this product.",0,5
Accucheck,I like that Accu-Check Active Strip box bc that is as per discription. But i dont like delivery bc the external box(package) got damaged much However the Active strip box is Ok.,0,32
Accucheck,no description mentioned in what machine it can be used,0,10
Accucheck,Wanted instant but sent active strip,0,6
Accucheck,I have using for long No complain.,0,7
Accucheck,The strips are quite useful,1,5
Accucheck,Good packing and on time delivery,0,6
Accucheck,Some of the strips did not respond,0,7
Accucheck,Price to high,0,3
Accucheck,its gud to use,1,4
Accucheck,Good to track sugar level,1,5
Accucheck,Previously the micro chip used to be of red colour but now this is black and all of these chip s have a common code no.333.,1,26
Accucheck,Good Occur check strip,1,4
Accucheck,It is not supported with the machine I ordered,0,9
Accucheck,Quick delivery and good stuff,0,5
Accucheck,DELAYED IN DELIVERY TIME,0,4
Accucheck,nice as per required,0,4
Accucheck,Packing and delivery is good Product is excellent,0,8
Accucheck,It ws the wrong product ordered by mistake,0,8
Accucheck,Whenever i am putting d strip in d machine its showing E-5 ...this means the strips r expired...not satisfied ..,1,20
Accucheck,Could you please improve delivery time,0,6
Accucheck,Low price. And fast gome delivery i like it.,0,9
Accucheck,Strips expire date is long that good,0,7
Accucheck,"Nice product. Reliable I'm using approx 120 strips in a month, please Try to make it cheaper",1,17
Accucheck,The product was delivered after days and too on repeated requests Had to contact the agent personally Horrible experience.,0,19
Accucheck,All is very first,0,4
Accucheck,Good but not good,0,4
Accucheck,Effective its good,1,3
Accucheck,Good as per my expectation,1,5
Accucheck,"I have got this product from Paytm,as I find either courier or Bees courier might have hands in giving me empty box",0,22
Accucheck,on time delivery and product is as described satisfied with overall service.,0,12
Accucheck,There is no discount on the product,0,7
Accucheck,dispatch on committed date,0,4
Accucheck,Prompt delivery with reasonable price. Discount offer is also good Further order may be given with such discount offer. Apps downloaded.Intimation in email id regarding delivery status,0,27
Accucheck,Very poor delivery system took more than the expected time to deliver. Need improvement. Needs better communication with customers,0,19
Accucheck,nice,0,1
Accucheck,"Everything went well From placing order , to receiving it, to the discount , to the freebies. Keep up",0,19
Accucheck,Device is prompt.Staff who speaks on phone is well mannered.I wish to give me good service in near future,0,19
Accucheck,Like Good product in good packing at reasonable price. Timely delivery Nothing to dislike here.thumbs up,0,16
Accucheck,Please check my previous comments,0,5
Accucheck,The strips very accurately takes reading,1,6
Accucheck,"Packing was horrible It was good that the strips were in a box,else the packing was all twisted and the box had almost given away",0,25
Accucheck,i returned it as i needed Performa.,0,7
Accucheck,Have been using it for a while and am happy with the performance n results,0,15
Accucheck,Using since last 10years.Best for sugar levels check your self,1,10
Accucheck,It is working as usual,0,5
Accucheck,Dislike as it showed higher reading than original,1,8
Accucheck,Very bad condition,0,3
Accucheck,Strip is easy to use and give accurate results,0,9
Accucheck,A nice product,0,3
Accucheck,Easy to use and give accurate result,1,7
Accucheck,Packing is good delivered on time,0,6
Accucheck,Time take for delivery is total unacceptable You took more than 48 hour to delivery 1 glucose measuring strip. Would have been better to go to the local pharmacy. Your online support has fixed set of answers But being unable to deliver critical medicines within the promised time just defies everything,0,51
Accucheck,"No SLA, pathetic customer support support was as late as your order was",0,13
Accucheck,Show E-5 after one month of opening packet,0,8
Accucheck,Great discount and on time delivery,0,6
Accucheck,It was in time delivered,0,5
Accucheck,Timely delivery good packing,0,4
Accucheck,"Good in quality , produces aqurate result.",0,7
Accucheck,The price is unfordable,0,4
Accucheck,Best service & product have no issues,0,7
Accucheck,Not satisfied with quality of strips,0,6
Accucheck,its good to use.,1,4
Accucheck,Dislike is cost... Rest all good,0,6
shampoo,Like product is as expected Dislike- no immediate relief or assured relief,1,12
shampoo,It really helps to relieve dandruff and itching,1,8
shampoo,It prevents scales formation on head skin and dandruff,1,9
shampoo,Delivery not in time,0,4
shampoo,Nice for anti dandruff,1,4
shampoo,Not supply in time,0,4
shampoo,Best in hair scalp problem just wash,1,7
shampoo,i wanted a good antidandruff hair treatment as my scalp was getting dry very often and troubled by itching scalp at times but no flakes initialy was found good result but later the same,0,34
shampoo,It does what it says,0,5
shampoo,We are using regularly,0,4
shampoo,Not so effective,0,3
shampoo,Before sending to customer PL.go thou order.carefully see the quantity ordered n quantity send To avoid interaction with executive,0,19
shampoo,The delivery person was lazy,0,5
shampoo,Price is so high reduce price,1,6
shampoo,Is it not an immediate solution for dandraft. We may need to use it for longer time. We need a quick and effective remedy,0,24
shampoo,There is no difference in the dandruff after using this shampoo,1,11
shampoo,Always check my hair now see my hair no dandruff so happy,1,12
shampoo,Not improvement in my hair,1,5
shampoo,its a great shampoo for dandruff,1,6
shampoo,I like it.use of it to reduce dandruff.,1,8
shampoo,Need to repeatedly keep using it,0,6
shampoo,shampoo seems fine..its same as i use to purchase from the local medical shop,0,14
shampoo,Scalpe anti dandruff shampoo is clinically advised for dandruff and it really works than any other shampoo in market,1,19
shampoo,Good for dandruff control,1,4
shampoo,The shampoo is working and the quantity of dandruff has reduced I am looking forward for complete protection and excited,1,20
shampoo,good product but it remove dandruff if you use this for long time,0,13
shampoo,"I was diagnosed with Seborrheic Dermatitis a decade ago and had been recommended this shampoo for control and management of the condition. A decade later I started experiencing pimples on my forehead from dandruff fall-out and turned to this shampoo again I saw a decrease in pimples in just 3 washes. Would definitely recommend for short-term use, as the shampoo is high on chemicals Would suggets the use of a conditioned post wash as the shampoo is extremely drying",1,79
shampoo,Please verify that vendor right product pack or not,0,9
shampoo,Its good but it makes scalpe dry,1,7
shampoo,Works well with my hair oil to decrease dandruff,1,9
shampoo,its my regular choice,0,4
shampoo,Liked it very nicely working now my scalp is anti dandruff..,1,11
shampoo,Its not much effective as it has been stated in product description.,0,12
shampoo,"Excellent Cost, please provide free delivery if cost is less than 500 also it will be mostly helpful",0,18
shampoo,Quality and Right product was made available and within stipulated period of time.,0,13
shampoo,Not work as it explained about that .,0,8
shampoo,The Package is really good,0,5
shampoo,No use... Wash ur hair with water.. that much better,1,10
shampoo,Really like this shampoo..this does perfectly what it demand to do..,0,11
shampoo,I've too much dandruff and acne on my scalp ...and I'm using this from last 1 month but I didn get better result till now,1,25
shampoo,Good but not very effective,0,5
shampoo,"Best therapy of dandruff, I like it.",0,7
shampoo,Excellent service.. delivery time can be improved,0,7
shampoo,want say anything now,0,4
shampoo,I have been advised by the owner of the product that it will give me relief for 72 hours for the use and may use for a month and after that one week once is to used But in my experience it is useful for only six hours and after that itching is starting,0,54
shampoo,This Shampoo is good quality n anti dandruff shampoo its working up to 80 percent,1,15
shampoo,It really does help but the bottle is only apt for three washes.,1,13
shampoo,Not to much effective,0,4
shampoo,Not worth to buy online if your order value is less Chant â‚¹500 because of the logistics charges Also courier partner dont accept card only cash So there is scope of improvement in supply chain and payment,0,37
shampoo,No benefit this item,0,4
shampoo,Delivery time can improve,0,4
shampoo,This shampoo doesn remove dandruff,1,5
shampoo,Good Anti dandruff,0,3
shampoo,When Iâ€™m using in the beginning I get more hair fall bad after few days my problem was solved,1,19
shampoo,Very nice product,0,3
shampoo,Excellent outstanding product,1,3
shampoo,It work good,0,3
shampoo,Amazing results in just 4 wash Definitely recommended,1,8
shampoo,Received next day,0,3
shampoo,Discount was less than other online sites,0,7
shampoo,Worked really well for fungal infection,1,6
shampoo,Its good product for hair and scalp,1,7
shampoo,Price is very high,0,4
shampoo,At first the Dandruff disappears - - but it reappear if the shampoo is not used for about a week. Hence I am not fully convinced about its efficacy in eradicating dandruff fully,1,33
shampoo,Good you can see the results with in second and third use,0,12
shampoo,It doesn work,0,3
shampoo,It is a great product for dealing with dandruff,0,9
shampoo,"Wash your head within 3 days for sometimes Or just someday in 2 days when you see more dandruff. its matter of few days you see your hair fall, but I didn see any of my hair falling Thankyou",1,39
shampoo,Its really stops head itching n selfishness,1,7
shampoo,Good shampoo.Helps to keep dandruff under control,1,7
shampoo,I am using very offen last 6 yes its fantastic result on Dandruff free hair and smooth,1,17
shampoo,Excellent service and cost also,0,5
shampoo,After 2 to 3 usage it has cleared up my dandruff fully,1,12
shampoo,its actually helpful indeed,0,4
shampoo,I liked its on time delivery n price.,0,8
shampoo,Good for dandruff and scalpe problem,1,6
shampoo,Like the timely delivery,0,4
shampoo,I ly this shampoo..n also remove dandruff frm hairs,1,9
shampoo,The price is high.the shampoo is very good,0,8
shampoo,No solution my hair iam sorry no less of dandruff,1,10
shampoo,Not working as asspacted,0,4
shampoo,Almost half a bottle is needed for one day use. donot foam..,1,12
shampoo,Product is good but expensive,0,5
shampoo,Good.. Plz launch in different flavors,1,6
shampoo,I m using 4 time,0,5
shampoo,Reduce dandruff in few days,0,5
shampoo,Quite effective and also doesn dry the hair on usage,1,10
shampoo,Good working for dandruff and icthing...all problems are solved,1,9
shampoo,It is really effective,0,4
shampoo,My hair getting dry after using it . It has side effects and can whitish your hair. Consult doctor for recommendation.,1,21
shampoo,It is very useful for who are effecting by dandruff,0,10
shampoo,Shampoo is good for reducing dandruf,0,6
shampoo,It is effective but costly,0,5
shampoo,It is better but not a permanent solution for dandruff,0,10
shampoo,It dose not effect on scalp,1,6
shampoo,it is a best recommended anti dandruff shampoo I have used ever yes it is a bit costly but the results are good,1,23
shampoo,I used it many times but dandruff not cured permanently Although it relief but not a permanent solution for me.,0,20
shampoo,Super sampoo for those person who has rainfall problem,1,9
shampoo,Nice product and I got a very good result from the product.,0,12
shampoo,"its a good conditioned but not effective on dandruff, my scaling is gone..good",1,13
shampoo,This shampoo prescribed by doctor for my son to avoid dandruff and it works perfectly,1,15
shampoo,The bottle content is very less thoughts like already used,0,10
shampoo,Solve my problem in one wash,0,6
shampoo,Scalpe shampoo is effective on the DANDRUFF the basic necessity for which it is recommended The part which hurts is the Cost of the product which is too steep and there is no alternative hence it becomes a necessity,1,39
shampoo,Good for seborrheic dermatitis,1,4
Becadexamin,very good product,0,3
Becadexamin,"Since it is a multivitamin capsule and I am trying for the first time, & now I crossed 1 week of taking becadexamin.Right now I canst say anything but still I like the product as my doc recommended me to take becadexamin .I am feeling little relaxed .",0,48
Becadexamin,I like it very much,0,5
Becadexamin,It gets sticky even when kept in refrigerator,1,8
Becadexamin,It was suggested by doctors and my son like it to take one time at every night,0,17
Becadexamin,As good as it is supposed to be,0,8
Becadexamin,This is not expensive compare with any other multi vitamin capsule,0,11
Becadexamin,Delay in courier Service,0,4
Becadexamin,Not very useful as Vitamin,1,5
Becadexamin,It was helpful for me,0,5
Becadexamin,It gives extra strength,1,4
Becadexamin,"Its prescribed to from one of the best Dr, I was unable to find it but got it here felt now side effect hence preferring it.",1,26
Becadexamin,Effective at low price,0,4
Becadexamin,Product is soo good,0,4
Becadexamin,Good multi vitamin tablet..,1,4
Becadexamin,Timely delivery n discount,0,4
Becadexamin,Good quality easily available product.,0,5
Becadexamin,Very useful . Nd powerful capsule .,1,7
Becadexamin,Price is lower on other site,0,6
Becadexamin,Like - They are cheap,0,5
Becadexamin,Bacadexamin is nice tablets,0,4
Becadexamin,Liked it. The bottle is of glass i thougt it to be of plastic hence thrown it to the table and when i open the box .. unfortunately the bottle is cracked although the bubble lining is on one side. But that my mistake. I liked the network and appreciate your work ethics,0,53
Becadexamin,I am consuming this product for a long time.,0,9
Becadexamin,Little costly then market,0,4
Becadexamin,Sentatic no so good,0,4
Becadexamin,I am using the product and its very good,0,9
Becadexamin,Very effective but I dont like the smell of capsule,1,10
Becadexamin,Best and cheapest multivitamin capsules,1,5
Becadexamin,Why do you ask this Are you doubtful about its genuineness?Why not other medicines that I ordered,0,17
Becadexamin,its very cheap but very good energy for our daily routine,0,11
Becadexamin,product quality is ok as per the price.,0,8
Becadexamin,"I bought it because not available in my city,,,nice product",0,10
Becadexamin,Good and reliable source of vitamin but quantity of vitamin should be more,1,13
Becadexamin,personalized health product,1,3
Becadexamin,Good and shows result,0,4
Becadexamin,The product is really good,0,5
Becadexamin,Good vitamin source at cheapest price,1,6
Becadexamin,Good supplement... Unfordable,1,3
Becadexamin,"This is an old product, not much improvement",0,8
Becadexamin,It is good product,0,4
Becadexamin,Low price good product,0,4
Becadexamin,Delivery was too late,0,4
Becadexamin,Value for money vitamin,1,4
Becadexamin,It works but have to give some time,0,8
Becadexamin,This is great muti vitamins..,1,5
Becadexamin,No longer user starting soon,0,5
Becadexamin,fast delivery neat packing and price discount,0,7
Becadexamin,The packing and of course the delivery was very good,0,10
Becadexamin,Nothing to dislike. Its a good multi vitamin,1,8
Becadexamin,all ok. using since 30+ years,0,6
Becadexamin,My father is taking the tablet for the last 30 years..the multivitamin tablet is very essential especially for diabetic,1,19
Becadexamin,"Fast delivery,best quality medicine and great discount",0,7
Becadexamin,Bottles received in good condition. Product still to try,0,9
Becadexamin,Good for daily supplement,1,4
Becadexamin,How can one rate medicines qualitatively??,0,6
Becadexamin,Not at all recommended full of synthetic color and nonveg material,1,11
Becadexamin,One pensive yet effective,0,4
Becadexamin,Chaljata hai ek marina sasta bhi hair ðŸ˜‚,0,8
Becadexamin,Selenium is missing and vitamin A is more than what is needed for everyday requirement.,1,15
Becadexamin,Becadexamin is a poorhouse of vitamin and it is cost effective,1,11
Becadexamin,Everything was perfect including product and delivery,0,7
Becadexamin,Should give more discount on purchase,0,6
Becadexamin,I have no result for that,0,6
Becadexamin,Cuorer facility not good,0,4
Becadexamin,Quality at economical price,0,4
Becadexamin,Good and economical multi vitamin mineral capsule,1,7
Becadexamin,"i am worried to take i took 1 and was having drowsiness worried should i continue or not,doctor need to suggest for b12",0,23
Becadexamin,Quality is good....can feel the difference,0,6
Becadexamin,It is very useful and effective,1,6
Becadexamin,excellent product and customer service.,0,5
Becadexamin,All in one Packing should be in plastic bottle instead of glass bottel.,0,13
Becadexamin,"Very good small package of all vitamin and minerals I must say, ply go for this product.",0,17
Becadexamin,"All range of vitamin present, cost effective as well",1,9
Becadexamin,No prescription needed,0,3
Becadexamin,Very nice medicine for vitamin s and supplement,1,8
Becadexamin,its much effective and unfordable,1,5
Becadexamin,Has always stood the test of time for quality,0,9
Becadexamin,Good and beneficial,1,3
Becadexamin,"great price, fast delivery",0,4
Becadexamin,Best multivitamin in this range as compared to other,1,9
Neurobion,Fast delivery Authentic product.,0,4
Neurobion,"After having it, I felt itching allergy, acne & pimples problems overall skin problem.",1,14
Neurobion,overall good experience and this is one of the best medicine for me and works well over me. thanks,0,19
Neurobion,It is good for nerves,1,5
Neurobion,Nice every thing,0,3
Neurobion,Timely delivery Good packing,0,4
Neurobion,Good medicine for vitamin B,1,5
Neurobion,The tablet is very harmful,1,5
Neurobion,Best in help of Complex bone and mussel problem,0,9
Neurobion,I have been prescribed by my doctor for general weakness I feel better,0,13
Neurobion,You failed to deliver medicine twice and without any talk with me you have canceled my two orders,0,18
Neurobion,It is good for Nevas in body,0,7
Neurobion,Its a wonderful tablet.,0,4
Neurobion,I dont know it work or what .,0,8
Neurobion,Actually I bought this medicine for my father so I canst tell about this,0,14
Neurobion,I regularly use it for improvement of vitamin B,1,9
Neurobion,its a good and cheap combo of neurovitamins,1,8
Neurobion,Packing should have been a bit strong,0,7
Neurobion,Stop Asking silly questions wasting time,0,6
Neurobion,It is as per recommendation.,0,5
Neurobion,One of the better vitamin complex tablet with B-12.Very effective,1,10
Neurobion,smells a lot but packed well....,0,6
Neurobion,Good price and quick delivery,0,5
Neurobion,Disprin require percription . Very strange,0,6
Neurobion,I have been using it for a while and found it to be a good nerve support,1,17
Neurobion,I am a diabetic patient and I am taking regularly,1,10
Neurobion,I did not purchase it this time.,0,7
Neurobion,Genuine and good pricing,0,4
Neurobion,its effective against pain due to nerve pitching,1,8
Neurobion,its a good product.,0,4
Neurobion,helpful in gaining strength,1,4
Neurobion,I like neurobiology forte tablet and I take this daily since long time,0,13
Neurobion,Two tablets were exposed as their seals were punctured,0,9
Neurobion,its a good product.,0,4
Neurobion,It gives strength to veins,1,5
Neurobion,It is a very good medicine,1,6
Neurobion,its not making any much difference,0,6
Neurobion,Good vitamin tablets,0,3
Neurobion,good To be taken as per Or advice,0,8
Neurobion,its good for body,0,4
Neurobion,It keeps an old women of 94yrs going,1,8
Neurobion,excellent vitamin tablet at lowest pric!e. Value for money !,1,10
Neurobion,good packing but a bit slower delivery considering it was really near my address,0,14
Neurobion,Medicine is good and gives me positive results,1,8
Neurobion,"Reasonable price,recommended by doctors no adverse effect noticed it helps nerve strengthening,long term use",1,14
Neurobion,Bifurcation of order given,0,4
Neurobion,Its a vitamin tablet!,1,4
Neurobion,Medicine not available in stock in required quantity,0,8
Neurobion,It is a time tested drug,0,6
Neurobion,The rate is very reasonable,0,5
Neurobion,Right from placing the order to being delivered,0,8
Neurobion,No discount I got I got Usually 15 % from my chemist,0,12
Neurobion,Because I have not satisfied,0,5
Neurobion,I have received medicines with early expire and the Voice issued was incorrect,0,13
Neurobion,Mud source of b12,0,4
Neurobion,Effective for my mother,0,4
Neurobion,taste heavy small,0,3
Neurobion,Till now I didn dislike anything,0,6
Neurobion,dislike -- reason smell,1,4
Neurobion,The delivery boy said the phone number was not available to call. Packing has to be done appropriately He threatened not to deliver next time if it happens,0,28
Neurobion,AS a Vitamin supplement Neurobion Forte is very good for diabetic,1,11
Neurobion,Prompt same day delivery,0,4
Neurobion,Good vitamin supplement,0,3
Neurobion,I got all tablets except this one The service was good for all other tablets Since this tablet was not that costly I just left it without complaining,0,28
Neurobion,Service as well as app(v fast,0,6
Neurobion,Original product at great discount,0,5
Neurobion,Unfordable prices.... Helped with muscle spasms and general anxiety,0,9
Neurobion,Quick delivery with no problem,0,5
Neurobion,This is nice red colour tablet...looks so nice and after I eat I feel it must be doing something nice otherwise why would my doctor tell me to have it daily Silt!!,0,32
Neurobion,Complete vitamin B tablet,0,4
Neurobion,Great for most neurological issue.,1,5
Neurobion,all is good but need to be work on portal offers,0,11
Neurobion,It seems that it is substandard,0,6
Neurobion,I am 74 years old hence I was always feel tired and needed lie down for rest After taking nuerobion I feel better and can do some work actively,1,29
Neurobion,its good for weak nerve and helps to work,0,9
Neurobion,Extremely fast supply.just the same day.,0,6
Neurobion,Good for daily work,0,4
Neurobion,best in its class,0,4
Neurobion,it helps me in sciatica pain,1,6
Neurobion,Genetic and useful,1,3
Neurobion,"It is a prescribed medicine, what is there to like or dislike in that!!???",0,14
Neurobion,Good to receive on time.,0,5
Neurobion,I like it,0,3
Neurobion,NO DISLIKE. ONLY LIKE,0,4
Neurobion,Effective supplement as vitamin B complex,1,6
Neurobion,Quality in such a low cost,0,6
Neurobion,This is also prescribed by my doctor,1,7
Neurobion,its working good in cheapest price,0,6
Neurobion,medicine is long lasting expire date,0,6
Neurobion,timely delivery and updates,0,4
Neurobion,its really good,0,3
Neurobion,Along with this i had initially ordered glycogen for which a prescription was called for But what i had unloaded was not a'exited as it was issued in 2015. Since this is regular medication for diabetic control age of the prescription should not matter.,0,44
Neurobion,This Tablet was cause of vomitting sorry,0,7
Neurobion,Good to have one everyday,1,5
Neurobion,good option for vitamin b12 supplement,1,6
Neurobion,The way of packing is good thank you,0,8
Neurobion,Good for health,0,3
Neurobion,B complex product withb12 at a very reasonable price,1,9
Neurobion,Effect when taken for long duration,1,6
Neurobion,U should give discount on that also,0,7
Neurobion,Good discount and cashback,0,4
Neurobion,it does the work,0,4
Neurobion,Delivery and information available on webster,0,6
Neurobion,nice tablet for boasting a day,0,6
Neurobion,Good substitute for vitamin B in lesser price.,1,8
Neurobion,Response from team was poor,0,5
Neurobion,Good medicine for nerves,1,4
Neurobion,Good packing and expire date,0,5
Neurobion,Good for back pain due to deficiency of vitamin b,0,10
Neurobion,Don't have any test,0,4
Neurobion,Product delivery is late,0,4
Neurobion,Time required for is too much for customer care support,0,10
Neurobion,I ordered for my mother,0,5
Neurobion,It is a good broad spectrum medicine for occasional use.,1,10
Neurobion,Helpful in the price range in compare to other multivitamins,1,10
Neurobion,Results in 35-40 days...In back pain and tastelessnees.,0,8
Neurobion,Increases the nerves strength,1,4
Neurobion,All tablet are found in excellent condition,0,7
Neurobion,"Cannot remember rhis medicine, rated arbitrarily",0,6
Neurobion,Medicine keeps whole day active and no tiredness,1,8
Neurobion,All medicine are good and with discount price.,0,8
Shelcal,Since I am diabetic my doctor advise me take 1 tab once a day..,1,14
Shelcal,Ease of finding,0,3
Shelcal,known medicine for calcium,1,4
Shelcal,"its effectable,after 40 every women should be use",1,8
Shelcal,Very much liked,0,3
Shelcal,Good Packing & Useful Tablet,0,5
Shelcal,Thecal is good calcium tablets take it daily regularly,1,9
Shelcal,Came on time without any damage,0,6
Shelcal,So many simple vitamin tablets were not sent because of prescription,0,11
Shelcal,Have to take them whether like or not,0,8
Shelcal,Ease of ordering fast delivery and no confusion,0,8
Shelcal,The new print on the backside,0,6
Shelcal,This order was delivered timely as compared to other order which took more than 10 days to deliver,0,18
Shelcal,I like the home delivery service is very good,0,9
Shelcal,nothing to dislike,0,3
Shelcal,Quite effective than other calcium supplement,1,6
Shelcal,Good one my daughter,0,4
Shelcal,Satisfactory Service besides some minor negligencies.,0,6
Shelcal,No commitment and no fixed delivery schedule,0,7
Shelcal,They are good for older persons,1,6
Shelcal,Delivery group was there However product n packing were good,0,10
Shelcal,Send all items together,0,4
Shelcal,Discount compare to others,0,4
Shelcal,Very effective tablet for artho problem,0,6
Shelcal,Excellent response and fabulous discount,0,5
Shelcal,Sweet outer coating is easy to swallow,1,7
Shelcal,It is run of a mill product. Nothing special,0,9
Shelcal,Thecal is a good calcium supplement from a reputed company at a reasonable price.,1,14
Shelcal,calcium supplement recommended by Mrs,1,5
Shelcal,Discount is not given according to mentioned,0,7
Shelcal,Very Poor Service,0,3
Shelcal,IT IS HELPFUL TO MY BODY,0,6
Shelcal,Discount is very minimal,0,4
Shelcal,My doctor recommends this during the pregnancy and post pregnancy,0,10
Shelcal,good product and quick delivery,0,5
Shelcal,i had cracking sound from knees which persists even now after having shell for a month,0,16
Shelcal,delivered on time.with discount,0,4
Shelcal,Very poor service and not print got my medicine after days ..lots of improvement required,0,15
Shelcal,its a good calcium supplement....,1,5
Shelcal,want say until use by minimum month,0,7
Shelcal,I am taking it in good faith expecting it to be genuine No question to like or dislike it.,0,19
Shelcal,I didn order for shell 500 tablet.,0,7
Shelcal,The medicine is fine but the my other medicine is canceled by the vendor,0,14
Shelcal,Good calcium tablets No side effects,1,6
Shelcal,Timely delivery with less price,0,5
Shelcal,Discount is not applicable on this product.,0,7
Shelcal,Like to buy,0,3
Shelcal,"Its not use me, I enquire for my friend",0,9
Shelcal,Protected packing and effective for bone density,0,7
Shelcal,as per the order,0,4
Shelcal,My father and wife have been having this calcium supplement for many years,0,13
Shelcal,Just started taking this tablet 1 month back canst say anything right now,0,13
Shelcal,Rate of discount offered is very less compared to what others are offering,0,13
Shelcal,Good for daily nutrient,1,4
Shelcal,Delivery very late,0,3
Shelcal,Result is good,0,3
Shelcal,The medicines are original People can rely on you,0,9
Shelcal,Discount was less than available in the market,0,8
Shelcal,Optical priced. good supplement,0,4
Shelcal,Bought as advised by the doctor,1,6
Shelcal,Display rate was higher than MRP..,0,6
Shelcal,We needed more discount,0,4
Shelcal,Good source of Calcium and Vitamin D3,1,7
Shelcal,Discount is very less,0,4
Shelcal,Rated good to treat calcium and vitamin deficiency,1,8
Shelcal,Best for calcium intake,1,4
Shelcal,Feeling comfortable in joints,1,4
Shelcal,Item is good and packed very well,0,7
Shelcal,Good as calcium supplement,1,4
Shelcal,Calcium supplement are most post menopausal,1,6
Shelcal,Star product of company,0,4
Shelcal,Quick delivery of medicine is very much appreciated,0,8
Shelcal,Same as my previous reply,0,5
Shelcal,THE EXPIRY DATE WAS NOT CHECKED BEFORE PACKING,0,8
Shelcal,I purchased it was 15 tablet strip not up to the mark seems duplicate not controlling sugar legal,0,18
Shelcal,Discount Is Good,0,3
Shelcal,It is effective medicine,0,4
Shelcal,"The whole action from your end,",0,6
Shelcal,Nice packing and good tablet for my health,0,8
Shelcal,indians best calcium with vitamin D tab,1,7
Shelcal,liked packing and delivery,0,4
Shelcal,Problem regarding the delivery,0,4
Shelcal,The ambiance of the strip was good not old or tampered,0,11
Shelcal,Discount n ease of shopping online,0,6
Shelcal,Recommended by Doctor at Sunshine Hospital.,0,6
Shelcal,Advised by doctors to make up calcium intake for strong bones specially for elderly,1,14
Supradyn,No medicines available with other medicines but send as it was available,0,12
Supradyn,Very cost effective and adequate combination of essential vitamin and minerals,1,11
Supradyn,GOOD DISCOUNT AND FAST SHIPPING,0,5
Supradyn,i didn purchase this Why are you adding incorrect medicines to my list. Is your data compromised,0,17
Supradyn,Excellent and good service,0,4
Supradyn,Gives energy as it contains Vitamin B,1,7
Supradyn,Tablets delivered in excellent condition. good quality product. Thanks,0,9
Supradyn,Supradyn Tablet being multi vitamin and multi mineral tablet is good for health and some improvement may be done by adding some traces of selenium and other essentials,1,28
Supradyn,My wife takes supradyn tablet as vitamin supplement,1,8
Supradyn,As good as it is supposed to be,1,8
Supradyn,Its a good product with unfordable price,1,7
Supradyn,It is a cheaper & good multi-vitamin.,1,7
Supradyn,"its a good combination,but sometimes the tab turns to be sticky",1,11
Supradyn,Value for money and effective,0,5
Supradyn,I like it it helps in curing and reducing pain,1,10
Supradyn,It is good and improve my health,1,7
Supradyn,Tihis is dummy products,0,4
Supradyn,Just ok as per price,0,5
Supradyn,its a value medicine and cheap in alternatives of vitamin tablet.,1,11
Supradyn,Excellent Multi vitamin tablet,0,4
Supradyn,I feel very energetic and relaxing,1,6
Supradyn,I haven received free items displayed during my checkout,0,9
Supradyn,doc said its best so bought it,0,7
Supradyn,Very nice product and very effective,0,6
Supradyn,I like its composition and very reasonable price,0,8
Supradyn,Felt a little lesser sweet as compared to pharmacy from the stores but was nice as price is also descent for,1,21
Supradyn,"Order 2-3 items and without my concern, you have canceled based on your comfortable Have you provided any coupon for the token of apologize Secondly who asked you to supply the balance and the entire order to be canceled instead of part is totally not acceptable",0,46
Supradyn,Using it for last few years.Good product,0,7
Supradyn,Service slow but good,0,4
Supradyn,Not some allergy after taking this tablet.,0,7
Supradyn,"Meg 3, and some protein should be",0,7
Supradyn,Din't get PayPal cashback,0,4
Supradyn,Very reasonably priced. Product from a reputed parma co.,0,9
Supradyn,Okay as a Daily it supplement,0,6
Supradyn,Couldn't get the results,0,4
Supradyn,Great multivitamin at low cost,1,5
Supradyn,So-so product. Would not recommend to anyone,0,7
Supradyn,good results & value for money,0,6
Supradyn,STIPS DAMAGED DUE TO FRICTION AND NOT NEATLY PACKED,0,9
Supradyn,"Tablet is good , its size is small easy to swallow After consuming the tablet I didn feel giddiness and was active throughout the day and no side effects .",1,30
Supradyn,5 useful multivitamin,0,3
Supradyn,by ek kiss do na,0,5
Supradyn,I have been using it since many years and found it workable.,1,12
Supradyn,Cheap and Good multivitamin,1,4
Supradyn,Few tablets were nacked,0,4
Supradyn,You canceled part item and my whole cash back got spoiled,0,11
Supradyn,This is good supplement,0,4
Supradyn,The colour of the urine after intake,0,7
Supradyn,No discount and shipping charges,0,5
Supradyn,My favourite tablets,0,3
Supradyn,Yet to use n test in bed,0,7
Supradyn,Speedy delivery,0,2
Supradyn,Nice and very low price,0,5
Supradyn,QUICK RESPONSE AND FAST DELIVERY,0,5
Supradyn,I take it more for its trace minerals and its extremely low price.it has proved to be a good vitamin supplement,1,21
Supradyn,"Fair price, firm packing nice contents",0,6
Supradyn,A good value for money for vitamin supplement !,1,9
Supradyn,Like the fast and damaged delivery of the strips,0,9
Supradyn,1. painful review reminders .. pls stop it after you ask once .. 2. Update your stock properly dont make a person pay the money and then refund it after 2 days that is plain stealing peoples interest. A good web based service should not always have the right stock displayed and not miss lead people,0,56
Supradyn,Great composition in minimal price,0,5
Supradyn,Total discount not given,0,4
Supradyn,Like.It is a good prophylactic vitamin product.,1,7
Supradyn,Best vitamin tablets,0,3
Supradyn,Good multi vitamin,0,3
Supradyn,It was very helpful to be active,1,7
Supradyn,It is good but have to take 2 if you lookout else go for a single tab with breakfast and drink at least 4 its water per day,1,28
Supradyn,Nothing for dislike,0,3
Supradyn,Trace Elements are essentials for every human being but most of the times neither those essential elements are not available in our drinking water( due to high filteration) nor in our daily foods .The combination is Excellent !,0,38
Supradyn,BECAUSE I HAVE NOT PURCHASED,0,5
Supradyn,We canst find some product,0,5
Supradyn,Could search the tablet faster,0,5
Supradyn,its an effective supplement I have been taking it since years,0,11
Supradyn,I would like more if the tablet would be in capsule form and the covering would have been better than this,1,21
SevenseascodLiverOil,Not the missing ingredient in my body Feeling better after taking it,1,12
SevenseascodLiverOil,It was a good for kids immunity,1,7
SevenseascodLiverOil,"I like product. But, dont like delivery",0,7
SevenseascodLiverOil,Prompt delivery at reduced cost,0,5
SevenseascodLiverOil,Best quality products,0,3
SevenseascodLiverOil,The condition in which it was delivered was worst,0,9
SevenseascodLiverOil,Delivery was bit delayed delivery was made through different courier and timely update was not available,0,16
SevenseascodLiverOil,Timely delivery and discount,0,4
SevenseascodLiverOil,good package decent price,0,4
SevenseascodLiverOil,Trusted remedy for health. Used for many years,1,8
SevenseascodLiverOil,easy and best deal,0,4
SevenseascodLiverOil,It is a good supplement,1,5
SevenseascodLiverOil,Nice bottling.. Not sure whether it would help or not...,0,10
SevenseascodLiverOil,Good packing and product was delivered before time.I liked the service a lot.,0,13
SevenseascodLiverOil,Exciting discount prompt delivery,0,4
SevenseascodLiverOil,its best for improvement of immune system,1,7
SevenseascodLiverOil,Excellent response Perfect delivery,0,4
SevenseascodLiverOil,Have used it earlier but results are very late may be its purity not same as earlier,1,17
SevenseascodLiverOil,Good in nutrition content and good for health,1,8
SevenseascodLiverOil,Dismounted price Fresh product,0,4
SevenseascodLiverOil,I have already used it before,0,6
SevenseascodLiverOil,Price n packing (Big package more savings,0,7
SevenseascodLiverOil,It is original,0,3
SevenseascodLiverOil,The product was good with long expire,0,7
SevenseascodLiverOil,Good for eye and memory as vitamin,1,7
SevenseascodLiverOil,Glucosamine Tablets are canceled,0,4
SevenseascodLiverOil,Original item. Sold without any discount at MRP,0,8
SevenseascodLiverOil,Better than any other product claiming to improve immunity,0,9
SevenseascodLiverOil,5 liked the product very much,1,6
SevenseascodLiverOil,4. Promptness and price,0,4
SevenseascodLiverOil,Not feeling Any difference,0,4
SevenseascodLiverOil,Discount & fast delivery,0,4
SevenseascodLiverOil,QUALITY IS GOOD AND PRIZE IS LOW,1,7
SevenseascodLiverOil,Packaging of the product and timely delivery,0,7
SevenseascodLiverOil,it should come back in glass jar....,0,7
SevenseascodLiverOil,Quality is good Packing forwarding OK,0,6
SevenseascodLiverOil,packing delivery was all smooth & convenient,0,7
SevenseascodLiverOil,its a trusted products from my childhood days,1,8
SevenseascodLiverOil,No major change after taking these tablets,0,7
SevenseascodLiverOil,The packing is same for years I could relate to product from the memory down the years,0,17
SevenseascodLiverOil,Like but less discount,0,4
SevenseascodLiverOil,Good one seen improvements,1,4
SevenseascodLiverOil,Good & effective product for the given low price.,0,9
SevenseascodLiverOil,"This cod lever capsules should be kept in below 10Â°C, you should see that it should be kept in a ice box during delivery",0,24
SevenseascodLiverOil,Seams original cod liver oil,0,5
SevenseascodLiverOil,Package quantity is not good,0,5
SevenseascodLiverOil,You are gang of thief,0,5
SevenseascodLiverOil,Bottle packing quality very bad,0,5
SevenseascodLiverOil,Delievery and Product quality,0,4
SevenseascodLiverOil,Caused problems for health,0,4
SevenseascodLiverOil,Difficult to open bottle lid as its not proper Not sure if this one is a duplicate product too.,0,19
SevenseascodLiverOil,Product and timely delivery,0,4
SevenseascodLiverOil,"Good product, secure packaging, value for money",0,7
SevenseascodLiverOil,Ordered 500 Cabs and Not the Delivery for 100 Cabs,0,10
SevenseascodLiverOil,Bottle cap is free,0,4
SevenseascodLiverOil,It was packed very carefully and delivered with in time,0,10
SevenseascodLiverOil,I am not a doctor,0,5
SevenseascodLiverOil,But I got this product very late ...,0,8
SevenseascodLiverOil,I have ordered senses but i feel like that the product is not in original,0,15
SevenseascodLiverOil,"Dislike , original monogram (logo) not match original product.",0,9
SevenseascodLiverOil,Colour like a gold due,0,5
SevenseascodLiverOil,Genuine quality at very best price,0,6
SevenseascodLiverOil,Delivery time is much,0,4
SevenseascodLiverOil,its good for health.,1,4
SevenseascodLiverOil,i like it and its good in results,1,8
SevenseascodLiverOil,its really helpful and safe.,1,5
SevenseascodLiverOil,Good for immunity system .Every body should take it. No foundation for Male/Female anybody can take it.,1,17
SevenseascodLiverOil,Packing... Delivery... Discount,0,3
SevenseascodLiverOil,At least online available,0,4
SevenseascodLiverOil,its only 15 days but I do feel energetic and good.. so its a thumbs up for me..,1,18
SevenseascodLiverOil,its too early,0,3
SevenseascodLiverOil,Delivery time is late,0,4
SevenseascodLiverOil,AGAIN results are good,1,4
SevenseascodLiverOil,Very much like.. Recommended for enhancing immunity of everyone...Must buy again,1,11
SevenseascodLiverOil,Good source of omega 3 fatty acid,1,7
SevenseascodLiverOil,I liked the product,0,4
SevenseascodLiverOil,Meg 3 is best in winter,0,6
SevenseascodLiverOil,All is ok but I couldn get discount on seven seas cod lever oil cc capsules,0,16
SevenseascodLiverOil,its good for hair fall,1,5
SevenseascodLiverOil,excellent for vitamin deficiency good jelly capsules,1,7
SevenseascodLiverOil,Not satisfied because goods are delivered on parts .,0,9
Evion,Don't want to say,0,4
Evion,Very fast delivery thanks,0,4
Evion,my need fulfil in shorttime,0,5
Evion,Like... Fast courier service...,0,4
Evion,Nice packing and genuine product,0,5
Evion,Easy to use with low price,0,6
Evion,It has whitening qualities for the skin,1,7
Evion,data compromised no purchase done,0,5
Evion,Prescribed to me for treating fatty liver,1,7
Evion,Nothing to dislike. The products arrived next working day.,0,9
Evion,delivery was not on time,0,5
Evion,Delivery service and better expire date,0,6
Evion,Amazing result in evion 400,1,5
Evion,It is good for skin,1,5
Evion,Good for hair and face and body,1,7
Evion,its good for vitamin E,1,5
Evion,Cheapest & Effective,0,3
Evion,Delivery of medicines was expected on same day as the order was placed well in time,0,16
Evion,Excellent capsule for Vitamin E,1,5
Evion,In one strip 2 tablets were not there it was empty,0,11
Evion,It needed more articles or research on Vitamin E,0,9
Evion,It does what it claims,0,5
Evion,I LIKE COST AND DELIVERY,0,5
Evion,Offers r not gud,0,4
Evion,the capsule is too mess to handle,0,7
Evion,So nice best result with best discount,0,7
Evion,it is not available regularly,0,5
Evion,Delivery could be little faster otherwise okay,0,7
Evion,It was delivered in a secured way,0,7
Evion,It seems to be helpful,0,5
Evion,i like this product,0,4
Evion,I like wat i ordered ....exactly i got on rime,0,10
Evion,Feeling better than before,1,4
Evion,please change your courier services rest all is great,0,9
Evion,I liked it coz my Doctor prescribed me...ðŸ˜…,0,8
Evion,I dislike the less rate of discount,0,7
Evion,This is good capsule,1,4
Evion,It is effective product.,0,4
Evion,It fulfills need of vitamin e,1,6
Evion,Delay in Delivery and absence of updated communication,0,8
Evion,It'sa vitamin E supplement It requires nothing more,0,8
Evion,Union 400 is an unfordable medicine for nocturnal cramps of lower limbs & general nervous weakness,1,16
Evion,Perfect it e tablet,0,4
Evion,Delivery schedule was not kept up,0,6
Evion,Later on after using,0,4
Evion,Great for skin and nerves,1,5
Evion,Good - to be taken with fat,1,7
Evion,Nice as expected,0,3
Evion,I take it as a It E supplement Hats it,0,10
Evion,It was good Bt i find it cheaper in local medical shop.,0,12
Evion,good Source of vitamin E,1,5
Evion,its a good and effective capsule especially for maintaining a glowing skin and hair. Very satisfied with its immediate effect,1,20
Evion,Like the delivery and packing,0,5
Evion,Not so good not so bad,0,6
Evion,Delivery and price i like in it,0,7
Evion,Fast shipping with billing print out with free sample,0,9
Evion,Capsules are hard coat compare to the normal strips in the market.....is it stocks out sales,0,16
Evion,Very useful anf value for money,1,6
Evion,Product was delivered very late to me,0,7
Evion,Unable to confirm the order,0,5
Evion,Capsule is available in less price in market.,0,8
Evion,"Sorry, this is my last order",0,6
Evion,Good tablet for PMS relief but paraben is a cause of concern.,1,12
Evion,delivery was not on time,0,5
Evion,just fine not sure if this is a duplicate product,0,10
Evion,Cheap and great quality,0,4
Evion,Wonderful caps for my hair,1,5
Evion,Capsule is very useful,0,4
Evion,BEST SERVICE BY VENDOR AND VERY FAST SERVICE,0,8
Evion,Using it for many years Gives a comfortable feeling,0,9
Evion,Well it is meant for what its meant,0,8
Evion,we dont know as per doctor prescription we are taking that is all yo tell me what changes it willing i the body,0,23
Evion,Its good that evion has 2 variant 400mg and 600mg,0,10
Evion,"another experiment , never completed",0,5
Evion,Good and really useful for skin and hair,1,8
Evion,All the tablets have very bad smell,0,7
Evion,Because of your poor service for delivery,0,7
Evion,IT WAS GOOD TO BUY MEDICINE FROM YOU,0,8
Evion,Vitamin e need a body face,1,6
Evion,I am agree pl send on cod,0,7
Evion,Delivery is fast but some medicines have discount prices only,0,10
Evion,I like the 600gms better,0,5
Evion,It was normal delivery,0,4
Evion,Quick delivery and the packing,0,5
Evion,Its good it E capsule I use it with my hair oil.,1,12
Evion,Quickness of delivery,0,3
Evion,Good for hair ... regularly using...,1,6
Evion,its very effective,0,3
Evion,Good tabiat,0,2
Evion,Good for vitamin e.,1,4
Evion,Good for dry skin,1,4
Evion,Very good for skin and hairs,1,6
Evion,pL keep it up,0,4
Evion,Vitamin e used for hair and skin,1,7
Evion,"Thanks,It helps my hair grow again",1,6
Evion,Hasn't helped much with my hair fall problem,1,8
Evion,Panelling of partial order by the merchant after full payment as calculation of partial payment refund and there by follow up is a total headache,0,25
Evion,I like your fast delivery but I dislikes that you dont have facilities for arranging a doctor for prescription,0,19
Evion,Packing... Early Delivery... Discount,0,4
Evion,It is best for hair and skin,1,7
Evion,Super platform to get genuine medicine,0,6
Evion,Using it regularly as a vitamin e requirement,0,8
Evion,its very useful and very good,1,6
Evion,Need long time to c effect,0,6
Evion,Must buy for any use,0,5
Evion,This drug is effective in peripheral nurological pain & nocturnal leg clump.,1,12
Evion,No side effects,0,3
Evion,Packing not sufficient,0,3
Evion,i like the service,0,4
Evion,"Its not about the medicine, its really good its about too much delayed delivery for which i had to buy all the medicine from outside so it was a lost of money for me",0,34
Evion,packing and delivery on time...shipping charges are high,0,8
Evion,Union 400mg is Vitamin E supplement to be taken in the morning once daily after breakfast as directed rescribed by General Practioner,1,22
Evion,"cost is less than your service charge and same man delivered other medicines also only 2 PO made than you should consider to wave off and same you did after informing you, which should be done earlier to combine both PO of same day and wave off charges",0,48
Evion,Very good for liver and skin,1,6
Evion,this medicine has been prescribed by doctor and giving the desired result of improvement.,0,14
Evion,Liked very much,0,3
Evion,good packing and prompt service.,0,5
Evion,Price more then MRP written on strip,0,7
Evion,Medicine ok Service is hard to Without serviceCharge,0,8
Evion,I take It E for my skin hair n nails since a long time.,0,14
Evion,Prescription not accepted for whole order,0,6
Evion,Discount on this product,0,4
Neurobion,Great services,0,2
Neurobion,Very effective,0,2
Neurobion,I ordered for my mother,0,5
Neurobion,The packing,0,2
Neurobion,delivery is not unto mark,0,5
Neurobion,"Cannot remember rhis medicine, rated arbitrarily",0,6
Neurobion,Good product,0,2
Neurobion,Very good for nurbous system,1,5
Neurobion,Package well,0,2
Neurobion,Unfordable product,0,2
Neurobion,Excellent service,0,2
Neurobion,Mud source of b12,0,4
Neurobion,Delivery should be speed,0,4
Neurobion,Nothing is mention,0,3
Neurobion,Excellent in nerves problems,0,4
Neurobion,Nice Supplement .,0,3
Neurobion,Results awaited,0,2
Neurobion,Not as per request,0,4
Neurobion,"Using the product, but still I could find the fruitful results",0,11
Neurobion,Good product,0,2
Neurobion,Nice effects,0,2
Neurobion,Nice results,0,2
Neurobion,No problem at all Everything was excellent,1,7
Neurobion,Good effect with no side effects,1,6
Neurobion,Good medicine to use when you have sudden current type feelings,1,11
Neurobion,Very good for nerves strength,1,5
Neurobion,Good one,0,2
Neurobion,Bifurcation of order given,0,4
Neurobion,better composition in this price,1,5
Neurobion,Good supplement,0,2
Neurobion,It gives strength to veins,0,5
Neurobion,Delivery,0,1
Neurobion,Good medicine for vitamin B,1,5
Neurobion,OK. Nice,0,2
Neurobion,It was delivered intima,0,4
Neurobion,All ok,0,2
Neurobion,its good,0,2
Neurobion,Everything was prefect,0,3
Neurobion,overall good with price,0,4
Neurobion,Good packing and expire date,0,5
Neurobion,Good Complex tablet with b12,1,5
Neurobion,They are useful,0,3
Neurobion,Prompt,0,1
Neurobion,best in its class,1,4
Neurobion,Till now I didn dislike anything,1,6
Neurobion,Like,0,1
Neurobion,overall good experience and this is one of the best medicine for me and works well over me. thanks,1,19
Neurobion,its good,0,2
Neurobion,Increases the nerves strength,0,4
Neurobion,Slow result. Take it for long time,0,7
Neurobion,Good bit tabs,0,3
Neurobion,Best price good results...,0,4
Neurobion,Good service,0,2
Neurobion,The product meets our requirements,0,5
Neurobion,It is Ok,0,3
Neurobion,No dislikes,0,2
Neurobion,good packing but a bit slower delivery considering it was really near my address,0,14
Neurobion,Not delivered,0,2
Neurobion,Very fine working in my bowl.Just I am eating more.digestion is good and i have some brisk.i happy to continue some months.Cost is very cheap.Lot of Thanks to Merkpharma and their mankind of services,0,34
Neurobion,Effective for my mother,1,4
Neurobion,Best complex at compatible price..,1,5
Neurobion,packing and quality,0,3
Neurobion,The delivery boy said the phone number was not available to call. Packing has to be done appropriately He threatened not to deliver next time if it happens,0,28
Neurobion,Vitamin supplement at unfordable price.,1,5
Neurobion,Good vitamin,0,2
Neurobion,Prompt same day delivery,0,4
Neurobion,Aimed delivery,0,2
Neurobion,Time required for is too much for customer care support,0,10
Neurobion,"It is a prescribed medicine, what is there to like or dislike in that!!???",1,14
Neurobion,NO DISLIKE. ONLY LIKE,0,4
Neurobion,Good results,0,2
Neurobion,Good,0,1
Neurobion,Best in help of Complex bone and mussel problem,1,9
Neurobion,Everything is amazing,1,3
Neurobion,I like,0,2
Neurobion,Every thing was great,0,4
Neurobion,Nurobian tablet,0,2
Neurobion,Really it works,0,3
Neurobion,B complex product withb12 at a very reasonable price,1,9
Neurobion,It is helpful,0,3
Neurobion,NERVE AILMENT IS RECTIFIED BY USE OF THIS POPULAR MEDICINE,1,10
Neurobion,Best for neutral problems,1,4
Neurobion,Like,0,1
Neurobion,Not that effective,1,3
Neurobion,I like this tablet very much,1,6
Neurobion,Good price and quick delivery,0,5
Neurobion,This is also prescribed by my doctor,1,7
Neurobion,good product.,0,2
Neurobion,Timely delivery,0,2
Neurobion,Extremely fast supply.just the same day.,0,6
Neurobion,its a good product.,0,4
Neurobion,Excellent result,0,2
Neurobion,Awesome,0,1
Neurobion,Don't have any test,0,4
Neurobion,Good packing,0,2
Neurobion,best medicine for nerves,0,4
Neurobion,Its good,0,2
Neurobion,It is worth recommended to other also to compensate deficiency of B vitamin,1,13
Neurobion,One of the better vitamin complex tablet with B-12.Very effective,1,10
Neurobion,Delivery charges,0,2
Neurobion,Original product at great discount,0,5
Neurobion,Good,0,1
Neurobion,You failed to deliver medicine twice and without any talk with me you have canceled my two orders,0,18
Neurobion,A regular purchaser,1,3
Neurobion,Nice follow up from customer care,0,6
Neurobion,Already replied,0,2
Neurobion,Timely Delivered,0,2
Neurobion,I dont know it work or what .,1,8
Neurobion,Results in 35-40 days...In back pain and tastelessnees.,0,8
Neurobion,Very nice tab,0,3
Neurobion,Transit time,0,2
Neurobion,Product delivery is late,0,4
Neurobion,Good ... discount for all medicines should be more with no delivery charge for orders > 100,0,17
Neurobion,Dtripifficult to rmove tablets from s,1,6
Neurobion,"Good, but after making order I realized that my mobile no mistaken typed wrong and I requested you to correct but you didn and due to this I and courier service person got too much trouble.",0,36
Neurobion,Great,0,1
Neurobion,Delivery and information available on webster,0,6
Neurobion,Nothing particular,0,2
Neurobion,medicine is long lasting expire date,0,6
Neurobion,its prompt delivery,0,3
Neurobion,Very useful for me.,1,4
Neurobion,NOT USE FULL,1,3
Neurobion,Timely delivery,0,2
Neurobion,Good for nerve,1,3
Neurobion,Good tablet,0,2
Neurobion,Speedy Delivery,0,2
Neurobion,Prompt deliveryâ€™s,0,2
Neurobion,Good value for money,1,4
Neurobion,Genuine and good pricing,0,4
Neurobion,good results,0,2
Neurobion,helpful in gaining strength,1,4
Neurobion,Small in size,1,3
Neurobion,Very good,0,2
Neurobion,It is good for nerves,1,5
Neurobion,Good and delivered on time,0,5
Neurobion,its gud it has it B 12,1,7
Neurobion,Have been using it for more than 35 years with out any problems,1,13
Neurobion,Given strength,0,2
Neurobion,All good,0,2
Neurobion,I purchase tables monthly once But the discount refund in the wallet is expiring before a month. What is the use of giving discount refund,0,25
Neurobion,timely delivery and updates,0,4
Neurobion,Good vitamin tablets,1,3
Neurobion,Excellent,0,1
Neurobion,CHEAP N BEST,1,3
Neurobion,delivered in time with good discount,0,6
Neurobion,Good for nerve problem,1,4
Neurobion,Good,0,1
Neurobion,Everything was good,1,3
Neurobion,A good company tab,1,4
Neurobion,It is good for Nevas in body,1,7
Neurobion,I dislike delivery time,0,4
Neurobion,Good product,0,2
Neurobion,like it,0,2
Neurobion,good one,0,2
Neurobion,Liked it Good,1,3
Neurobion,Good vitamin supplement,0,3
Neurobion,benefits are visible,1,3
Neurobion,Very good,0,2
Neurobion,No 1,0,2
Neurobion,Good one,0,2
Neurobion,Good effective medicine,0,3
Neurobion,good multivitamin,0,2
Neurobion,Useful,0,1
Neurobion,I have been taking Neurobion Forte tablets (one a day) for many years It helps in maintaining health and vitality It has no side effects,1,25
Neurobion,No prescription needed,0,3
Neurobion,Packing should have been a bit strong,0,7
Neurobion,Does the job,0,3
Neurobion,Used for my musels,1,4
Neurobion,Late Delivery and pattern of split one order in two,0,10
Neurobion,Nothing great,0,2
Neurobion,Two tablets were exposed as their seals were punctured,1,9
Neurobion,All good,0,2
Neurobion,cost & utility snatched,0,4
Neurobion,Prompt delivery,0,2
Neurobion,It is a good vitamin substitute. And effective and cheap,1,10
Neurobion,Didn't get delivery,0,3
Neurobion,Easy to swallow,1,3
Neurobion,Not like,0,2
Neurobion,Best multivitamin,0,2
Neurobion,Packing is nice,0,3
Neurobion,just gud,0,2
Neurobion,Medicine not available in stock in required quantity,0,8
Neurobion,U should give discount on that also,0,7
Neurobion,value for money,1,3
Neurobion,ok ok product..,1,3
Neurobion,Effective.Fairly priced,0,2
Neurobion,A good multivitamin supplement,1,4
Neurobion,The way of packing is good thank you,0,8
Neurobion,Very useful with chiefest cost,1,5
Neurobion,Nice,0,1
Neurobion,It is good vitamin (3V) tablet,1,6
Neurobion,No work,0,2
Neurobion,"Good,",0,1
Neurobion,Fast delivery,0,2
Neurobion,I have been prescribed by my doctor for general weakness I feel better,1,13
Neurobion,Don't bug my notifications,0,4
Neurobion,it helps me in sciatica pain,1,6
Neurobion,good To be taken as per Or advice,0,8
Neurobion,effective medicine,0,2
Neurobion,Nice packing,0,2
Neurobion,Good one,0,2
Neurobion,Its good,0,2
Neurobion,Do u mean the effects ?,0,6
Neurobion,Not sure if it works,1,5
Neurobion,Medicine keeps whole day active and no tiredness,1,8
Neurobion,The tablet is very harmful,1,5
Neurobion,Well packed,0,2
Neurobion,It is a very good medicine,1,6
Neurobion,Good vitamin tab,1,3
Neurobion,Best Quality,0,2
Neurobion,Good for weakness,1,3
Neurobion,Essentially necessary,0,2
Neurobion,It seems that it is substandard,1,6
Neurobion,Fast delivery,0,2
Neurobion,Great for most neurological issue.,1,5
Neurobion,Liked it very much,1,4
Neurobion,This Tablet was cause of vomitting sorry,1,7
Neurobion,Excellent,0,1
Neurobion,Good tablet for nerve disorder,1,5
Neurobion,genuine,0,1
Neurobion,Very useful,0,2
Neurobion,Very effective,0,2
Neurobion,Excellent product,0,2
Neurobion,all right,0,2
Neurobion,Cheap and effective,0,3
Neurobion,It is good,0,3
Neurobion,Cheap and best,1,3
Neurobion,canst say anything,0,3
Neurobion,its good for helth.,1,4
Neurobion,Very nice response,1,3
Neurobion,This is for D vitamin deficiency,1,6
Neurobion,Low cost,0,2
Neurobion,Prompt Availability,0,2
Neurobion,excellent vitamin tablet at lowest pric!e. Value for money !,1,10
Neurobion,Good,0,1
Neurobion,Good for health,1,3
Neurobion,Not dislike but could not judge how much it is beneficial,0,11
Neurobion,Good for health,1,3
Neurobion,Keep fresh,0,2
Neurobion,Good service,0,2
Neurobion,Its a vitamin tablet!,1,4
Neurobion,Good,0,1
Neurobion,Good medicine for nerves,1,4
Neurobion,It is helpful,1,3
Neurobion,Good medicine very effective,1,4
Neurobion,Easy availability,0,2
Neurobion,Packing good,0,2
Neurobion,Good vitamin tab,1,3
Neurobion,Not in response,1,3
Neurobion,Quick delivery,0,2
Neurobion,Amazing work,0,2
Neurobion,Using as per Docter advise,0,5
Neurobion,It is a good broad spectrum medicine for occasional use.,1,10
Neurobion,Excellent quality,0,2
Neurobion,Useful,0,1
Neurobion,Mary nice,0,2
Neurobion,No discount I got I got Usually 15 % from my chemist,0,12
Neurobion,All the medicines were charged at MRP. No discount was given,0,11
Neurobion,dislike -- reason smell,1,4
Neurobion,Liked,0,1
Neurobion,Nothing,0,1
Neurobion,It soothes aching nerves,1,4
Neurobion,all is good but need to be work on portal offers,1,11
Neurobion,Effect when taken for long duration,1,6
Neurobion,Quality & price,1,3
Neurobion,Excellent product,0,2
Neurobion,its a cheap and effective way to strengthen your nerve,1,10
Neurobion,It keeps an old women of 94yrs going,1,8
Neurobion,Right from placing the order to being delivered,0,8
Neurobion,Working very well,1,3
Neurobion,RS.1.99paise.should have shown as.credit in my wallet,0,7
Neurobion,Not Good,0,2
Neurobion,Quality was amazing,1,3
Neurobion,Packing & presentation,0,3
Neurobion,Excellent product,0,2
Neurobion,Great,0,1
Neurobion,Perfect n good quality,1,4
Neurobion,like,0,1
Neurobion,Nothing changes in my body,1,5
Neurobion,for vitamin b12,1,3
Neurobion,This is nice red colour tablet...looks so nice and after I eat I feel it must be doing something nice otherwise why would my doctor tell me to have it daily Silt!!,1,32
Neurobion,PROMPT DELIVERY.,0,2
Neurobion,Good,0,1
Neurobion,I regularly use it for improvement of vitamin B,1,9
Neurobion,Yes liked,0,2
Neurobion,Nice for vitamin B 12 deficiency,1,6
Neurobion,Fight infection,0,2
Neurobion,It works,0,2
Neurobion,Good for neuralgia,1,3
Neurobion,Fresh date,0,2
Neurobion,Genetic and useful,1,3
Neurobion,All good,0,2
Neurobion,Excellent,0,1
Neurobion,Along with this i had initially ordered glycogen for which a prescription was called for But what i had unloaded was not a'exited as it was issued in 2015. Since this is regular medication for diabetic control age of the prescription should not matter.,0,44
Neurobion,The rate is very reasonable,1,5
Shelcal,Not good service,0,3
Shelcal,Excellent,0,1
Shelcal,It works !,1,3
Shelcal,doctor prescription,0,2
Shelcal,Good for bines,1,3
Shelcal,Very useful,0,2
Shelcal,IT IS HELPFUL TO MY BODY,1,6
Shelcal,Good,0,1
Shelcal,No dislike for this med,0,5
Shelcal,i like it,1,3
Shelcal,Like,0,1
Shelcal,effective tool to cope calcium deficiency,1,6
Shelcal,good vitamin tab,1,3
Shelcal,I like,0,2
Shelcal,instant relive,0,2
Shelcal,prompt delivery,0,2
Shelcal,Pretty good,1,2
Shelcal,Good calcium tablet,1,3
Shelcal,Why your not providing the whole box with the strips like how we brought from outside,0,16
Shelcal,Same n cheap,1,3
Shelcal,Good but costly compared to other varieties of b- complex tabs,1,11
Shelcal,Doctor prescribed so no opinion.,0,5
Shelcal,Very poor service and not print got my medicine after days ..lots of improvement required,0,15
Shelcal,Print delivery,0,2
Shelcal,Good job,0,2
Shelcal,its a good tablet for women in late 30s and 40s for keeping up with their It D and Calcium intake,1,21
Shelcal,Its smartly packed,0,3
Shelcal,Correct addressing of issue,1,4
Shelcal,Really good tablet,1,3
Shelcal,Delivery group was there However product n packing were good,0,10
Shelcal,Dislike because not effective,1,4
Shelcal,Very Poor Service,0,3
Shelcal,I am taking it in good faith expecting it to be genuine No question to like or dislike it.,0,19
Shelcal,Quick delivery of medicine is very much appreciated,0,8
Shelcal,Good,0,1
Shelcal,Good calcium supplement,0,3
Shelcal,Good enuf,0,2
Shelcal,Good packing prompt delivery,0,4
Shelcal,Cannot find any efdect. May be effective may be not,1,10
Shelcal,No commitment and no fixed delivery schedule,0,7
Shelcal,I am using since long,1,5
Shelcal,Prompt delivery,0,2
Shelcal,I like it.,0,3
Shelcal,its good,0,2
Shelcal,Have to take them whether like or not,0,8
Shelcal,Your rate of Becasul and shelcal500 touch high,0,8
Shelcal,Good one my daughter,0,4
Shelcal,Could be better,0,3
Shelcal,Nice packing and good tablet for my health,0,8
Shelcal,No response,0,2
Shelcal,Good product,0,2
Shelcal,Great tablets for bone problems,0,5
Shelcal,satisfactory as usual shell 500 is prescribed by my Doctor is also recorded with you through my prescription.,1,18
Shelcal,U say 20% discount but not applied on this,0,9
Shelcal,Nice,0,1
Shelcal,Satisfactory,0,1
Shelcal,Delivery speed,0,2
Shelcal,Nothing Specific,0,2
Shelcal,Improve the bone strength,1,4
Shelcal,Discount was less than available in the market,0,8
Shelcal,Just started taking this tablet 1 month back canst say anything right now,0,13
Shelcal,Good calcium supplement Recommended by most doctors,1,7
Shelcal,Discount is not competable,0,4
Shelcal,Like ...... good,1,3
Shelcal,Good quality,0,2
Shelcal,Speed and ease and discount,0,5
Shelcal,Good response,0,2
Shelcal,Its working very good,1,4
Shelcal,excellent service,0,2
Shelcal,I dislike die to less discount,0,6
Shelcal,Everything,0,1
Shelcal,Ease of finding,1,3
Shelcal,The medicine is fine but the my other medicine is canceled by the vendor,0,14
Shelcal,"i like it,shelcal-500 is very good to improve bone structure,it helps me to my fracture last year,",1,17
Shelcal,It is really excellent Everyone can use it.,1,8
Shelcal,Proper packing,0,2
Shelcal,Very late delivery,0,3
Shelcal,fast service,0,2
Shelcal,Order canceled,0,2
Shelcal,No question of like or dislike! Doctor prescribed,0,8
Shelcal,Yes,0,1
Shelcal,normal rate,0,2
Shelcal,Very satisfied,0,2
Shelcal,I feel its effective,1,4
Shelcal,normal,0,1
Shelcal,Best purchase,0,2
Shelcal,this again is a calcium supplement recommended for my wife She is happy with the tablet.,1,16
Shelcal,shell is always good choice,1,5
Shelcal,Less Discount,0,2
Shelcal,I like it,1,3
Shelcal,Good response,0,2
Shelcal,its a gold standard,1,4
Shelcal,Delivery,0,1
Shelcal,"Dislike price, like packing",0,4
Shelcal,Good tablets,0,2
Shelcal,Problem regarding the delivery,0,4
Shelcal,Shel Al is a standard calcium tablet,1,7
Shelcal,Satisfactory Service besides some minor negligencies.,0,6
Shelcal,Delivery date was too late,0,5
Shelcal,Excellent,0,1
Shelcal,Came on time without any damage,0,6
Shelcal,Helps fr old age patients,1,5
Shelcal,My father and wife have been having this calcium supplement for many years,1,13
Shelcal,Good tablets,0,2
Shelcal,Calcium supplement,0,2
Shelcal,Mental feeling as if it is working,1,7
Shelcal,Best for calcium intake,1,4
Shelcal,Everything,0,1
Shelcal,5 Genuine,0,2
Shelcal,Item is good and packed very well,0,7
Shelcal,Good product....,0,2
Shelcal,good service,0,2
Shelcal,Efficient responsiveness,0,2
Shelcal,calcium supplement recommended by Mrs,1,5
Shelcal,its good,0,2
Shelcal,Very fast delivery,0,3
Shelcal,Nothing,0,1
Shelcal,good product,0,2
Shelcal,"The whole action from your end,",0,6
Shelcal,As usual packing is in good condition and the delivery date is the same as informed,0,16
Shelcal,Good,0,1
Shelcal,"its effectable,after 40 every women should be use",1,8
Shelcal,works as expected,0,3
Shelcal,Regular medicine for my parents Received in time,0,8
Shelcal,Bought as advised by the doctor,1,6
Shelcal,Excellent Calcium supplement,1,3
Shelcal,its good tablet for calcium intake,1,6
Shelcal,Delivery charge why so,0,4
Shelcal,Best in calcium supplement,1,4
Shelcal,Product is good for me,1,5
Shelcal,Nothing special,0,2
Shelcal,Speedy Delivery,0,2
Shelcal,To check its effectiveness yet,1,5
Shelcal,always good substitute for calcium,1,5
Shelcal,Fast delivery,0,2
Shelcal,Timely Delivery,0,2
Shelcal,Thecal is the most recommended supplement for calcium,1,8
Shelcal,Not as much as get benefited like alfa alfa of away,1,11
Shelcal,Not as per desire,0,4
Shelcal,as per the order,0,4
Shelcal,a little overpriced,0,3
Shelcal,Delivery speed,0,2
Shelcal,Good,0,1
Shelcal,very good,0,2
Shelcal,Getting in lesser price outside,1,5
Shelcal,Helps to keep my calcium levels unto date,1,8
Shelcal,Good medicine for calcium,1,4
Shelcal,Very useful,0,2
Shelcal,Or prescribed it so using it,1,6
Shelcal,Good packing,0,2
Shelcal,quick delivery and discount,0,4
Shelcal,Disount packing,0,2
Shelcal,We are getting 15% discount for this medicine from local medical Shop,0,12
Shelcal,Dislike,0,1
Shelcal,Normal supply,0,2
Shelcal,Effectiveness,0,1
Shelcal,All good,0,2
Shelcal,Useful for bones,1,3
Shelcal,IT IS FOR MY WIFE AS PRESCRIBED BY THE DOCTOR. NOTHING TO SAY ABOUT IT,0,15
Shelcal,Same brand,0,2
Shelcal,Ok good,0,2
Shelcal,It works as claimed,1,4
Shelcal,The manufacturing date is months old You should provide fresh strip of shell with recent manufacturing date!,0,17
Shelcal,great buy it now,1,4
Shelcal,big size,0,2
Shelcal,Liked,0,1
Shelcal,Nothing special This is a medication my wife is regularly taking,1,11
Shelcal,I liked it,1,3
Shelcal,Good for health,1,3
Shelcal,Using it more than 3 years,1,6
Shelcal,Good tablet,0,2
Shelcal,Delivery as usual,0,3
Shelcal,Getting relief in toe pain,1,5
Shelcal,It is run of a mill product. Nothing special,1,9
Shelcal,its good to have maintain calcium deficiency,1,7
Shelcal,Thanks,0,1
Shelcal,Calcium supplement are most post menopausal,1,6
Shelcal,You have sent wrong qty and missed one item which I never expected even after sending typed list in English,0,20
Shelcal,Thecal is good calcium tablets take it daily regularly,1,9
Shelcal,Usual genuine medicine,0,3
Shelcal,Good calcium substitute,1,3
Shelcal,Good,0,1
Shelcal,Calcium boasting,0,2
Shelcal,Good,0,1
Shelcal,This order was delivered timely as compared to other order which took more than 10 days to deliver,0,18
Shelcal,Not much effective,1,3
Shelcal,Very useful,0,2
Shelcal,its a prescribed medicine to my mom.,1,7
Shelcal,Why dont you use local shops as delivery partner. its preposterous that in today day and age we need to wait ONE FREAKING WEEK FOR DELIVERY,0,26
Shelcal,Nothing to say.,1,3
Shelcal,Packing quality,0,2
Shelcal,It is ok,0,3
Shelcal,Very delayed delivery and if we wish to cancel they are not refunding the money instead adding it to their wallet which is not at all useful,0,27
Shelcal,Didn't dislike anything,0,3
Shelcal,Delivery is slow,0,3
Shelcal,Good source of Calcium and Vitamin D3,1,7
Shelcal,very useful product,1,3
Shelcal,I like very much,0,4
Shelcal,Same as my previous reply,0,5
Shelcal,Speedy supply,0,2
Shelcal,Good package,0,2
Shelcal,The delivery experience was very good and quick,0,8
Shelcal,Quick delivery,0,2
Shelcal,Feeling better,0,2
Shelcal,Timely delivery with less price,0,5
Shelcal,I like the home delivery service is very good,0,9
Shelcal,doctors advice,0,2
Shelcal,like it,0,2
Shelcal,Delivery timing,0,2
Shelcal,Cheap but good,1,3
Shelcal,Very effective tablet for artho problem,1,6
Shelcal,Haddi lohe ke khambe i tarah majus hogai meri shelcal-500 ha kar. Itni mazbut i ab train bhi mere par sai nikal jaye to bhe mer haddi nasi tutegi. Makar igni achuki hai part 1 ungli par utah santa he,0,40
Shelcal,it was good,1,3
Shelcal,good medicine,0,2
Shelcal,Nothing,0,1
Shelcal,Good supplement,0,2
Shelcal,I take it occasionally so my experience is so so.,1,10
Shelcal,Punctuality price,0,2
Shelcal,Fast delivery,0,2
Shelcal,Quick service,0,2
Shelcal,Vitamin,0,1
Shelcal,Value for money,1,3
Shelcal,We needed more discount,0,4
Shelcal,Good for calcium deficiency,1,4
Shelcal,Rapid delivery..n good discount,0,4
Shelcal,this is good for calcium,1,5
Shelcal,Good product,1,2
Shelcal,Good deals,0,2
Shelcal,Satisfied..no complaints yet,1,3
Shelcal,Good product,0,2
Shelcal,Mud for bones,1,3
Shelcal,Best Calcium supplement,1,3
Shelcal,Less discount,0,2
Shelcal,Great taste,0,2
Shelcal,All was good in perfect condition,1,6
Shelcal,It is good,1,3
Shelcal,Good packing,0,2
Shelcal,Good service,0,2
Shelcal,Easy way to get medicine at your door step...,0,9
Shelcal,Good product,0,2
Shelcal,delivered on time.with discount,0,4
Shelcal,Good for diabetes,1,3
Shelcal,Effective,0,1
Shelcal,Very low performance,1,3
Shelcal,They are good for older persons,1,6
Shelcal,"NOT NOW,MAY GIVE FEEDBACK AFTER SEEING EFFECTS.",0,7
Shelcal,Always dependable,0,2
Shelcal,The product is genuine,0,4
Shelcal,I didn get on time,0,5
Shelcal,For my wife as prescribed by the Doctor to take care of calcium deficiency,1,14
Shelcal,perfect for calcium requirement,1,4
Shelcal,Discount rate very low other outside market,0,7
Shelcal,Speed of delivery and Discount,0,5
Shelcal,I am like it and also happy with the discount,0,10
Shelcal,Cooperation and fast supply,0,4
Shelcal,So far no side effects noticed,1,6
Shelcal,Excellent tablet,0,2
Shelcal,liked packing and delivery,0,4
Shelcal,It D with Calcium,1,4
Shelcal,Like,0,1
Shelcal,please arrange immediately.Its very essential,0,5
Shelcal,"Good , it reduces deficiency of calcium",1,7
Shelcal,Cheaper and better,1,3
Shelcal,Results are not unto the mark,1,6
Shelcal,size of tablet,0,3
Shelcal,I like Thecal - 500 Tablet and using it for quite a long time. It is very suitable for me.,0,20
Shelcal,Andorra exp.,0,2
Shelcal,All good,0,2
Shelcal,Good,0,1
Shelcal,Better rates in the market,1,5
Shelcal,Advised by doctor,1,3
Shelcal,Discount is very less,0,4
Shelcal,Fast delivery with good packing,0,5
Shelcal,Good source of calcium,1,4
Shelcal,Satisfactory,0,1
Shelcal,Rated good to treat calcium and vitamin deficiency,1,8
Shelcal,Good,0,1
Shelcal,product is ok.,1,3
Shelcal,Nothing Variable,0,2
Shelcal,Delivery so lately...,0,3
Shelcal,Right choice,0,2
Shelcal,Good as calcium supplement,1,4
Shelcal,very expensive will never buy now first price is more secondly other chemists r offering much much more than u. i have been cheated,0,24
Shelcal,Good Packing. Genuine Medicines,0,4
Shelcal,Sweet outer coating is easy to swallow,1,7
Shelcal,Less Discount,0,2
Shelcal,Muscle ache improved,1,3
Shelcal,Doctor happy patient happy,0,4
Shelcal,Liked it,0,2
Shelcal,Good,0,1
Shelcal,A known medicine for calcium deficiency Very useful,1,8
Shelcal,Food all,0,2
Shelcal,It MFD date and timely delivery,0,6
Shelcal,its perfect for vitamin d3,1,5
Shelcal,The new print on the backside,1,6
Shelcal,Quality is not good,1,4
Shelcal,Very good item,1,3
Accucheck,I feel product is not original getting very low values,1,10
Accucheck,Box is low quality,0,4
Accucheck,Rate on app are Rs.799 while print on box are Rs.699,0,11
Accucheck,Gave me insta strip,1,4
Accucheck,Liked the product,0,3
Accucheck,Cost should be more competitive,1,5
Accucheck,Excellent for blood sugar checkup,0,5
Accucheck,Street nahin mila Mujhe,1,4
Accucheck,I order accucheck instant strip but got different item please replace it what will do from it,1,17
Accucheck,i like it,0,3
Accucheck,Excellent service,0,2
Accucheck,nice product. I am using it since last 10 yes,1,10
Accucheck,good,0,1
Accucheck,I like the price and time delivery,0,7
Accucheck,Good,0,1
Accucheck,I dislike it as i was over charged,0,8
Accucheck,It is not working please return and refund my money back,0,11
Accucheck,"Perfect packing and delivery , but price wise it s not so attractive",0,13
Accucheck,Price n delivery n quality,0,5
Accucheck,Your Courier partner is misleading and not delivering Had to struggle with their customer support,0,15
Accucheck,I like it because it is very cheap and having more period of expire,0,14
Accucheck,On Not Service,0,3
Accucheck,Mention the manufacturing date and expire of Occur check in the bill also,0,13
Accucheck,Too much costly affair.,1,4
Accucheck,I like past delivery,0,4
Accucheck,Correct rejalet,0,2
Accucheck,Instant Delivery and Reasonable price!,0,5
Accucheck,For accuracy of Blood sugar monitoring on daily basis,1,9
Accucheck,Nothing,0,1
Accucheck,Fast delivery,0,2
Accucheck,Some of the stripes inside the box is not proper,1,10
Accucheck,All was well,1,3
Accucheck,its ok,0,2
Accucheck,Your offered dismounted price and fast delivery,0,7
Accucheck,Good,0,1
Accucheck,Timely delivery,0,2
Accucheck,Everything right from placing order to delivery was awesome. However few strips were non-functional to our utter dismay So strip quality want totally up to the mark.,0,27
Accucheck,Nice product and prompt delivery,0,5
Accucheck,Very good,0,2
Accucheck,"like , good for sugar check at home",1,8
Accucheck,cost of strips is very high seems you are taking advantage of the people who use it,0,17
Accucheck,There was no chip in package.....,0,6
Accucheck,Reasonable rates,0,2
Accucheck,It shows quick results,1,4
Accucheck,Nice packing,0,2
Accucheck,It is medium quality,0,4
Accucheck,From delivery,0,2
Accucheck,Box nicely timely delivered Strips result is perfect,0,8
Accucheck,"Expire date is 12/2020,this is very less",0,7
Accucheck,Good deal and genuine product,0,5
Accucheck,good services,0,2
Accucheck,It gives immediate results,1,4
Accucheck,Speedy Delivery and price,0,4
Accucheck,Accurate reading,0,2
Accucheck,Good product,0,2
Accucheck,Good service,0,2
Accucheck,Suppliers are theaters They supply outdated medicines,0,7
Accucheck,"Ok , good",0,3
Accucheck,Price can still be refuced,1,5
Accucheck,Speed of delivery,0,3
Accucheck,Quick dispatch and timely delivery,0,5
Accucheck,Late delivery,0,2
Accucheck,Its like Good product,1,4
Accucheck,Its defected peice,1,3
Accucheck,Good packing,0,2
Accucheck,Description was not clear,1,4
Accucheck,I liked,0,2
Accucheck,Precise results,0,2
Accucheck,"Everything was ok delivery,packing etc just manufacturing date was of 2019 so was in little concerned That the product is little old",0,22
Accucheck,Timely delivery,0,2
Accucheck,Good strip. Keep it up,1,5
Accucheck,Well packed,0,2
Accucheck,Like and reasonable price and correct time delivery,0,8
Accucheck,No discount given,0,3
Accucheck,Item received fast,1,3
Accucheck,It had only 7 months validity on delivery against one year normal validity Your webster is bad as it doesn indicate the expire before purchase and your executive says they canst send at least ten months validity strips as they are not aware of the same,0,46
Accucheck,Strips not Working at all,1,5
Accucheck,Latest mfg date,0,3
Accucheck,The delivery was fast and good Reason for low rating is payment option on delivery (Card payment on delivery should also be included Thanks,0,24
Accucheck,Timely delivery competitive rates ease of ordering,0,7
Accucheck,On time,0,2
Accucheck,You have not given any discount on my order of insulin for which complaint has been lodged but you prefer not to reply Why to purchase from you. So many other sites are offering same discount,0,36
Accucheck,dislike,0,1
Accucheck,year validity Good packing,0,4
Accucheck,Calibration takes time.,0,3
Accucheck,Good quality with long shelf life,1,6
Accucheck,Dislike due to price too much higher,1,7
Accucheck,Nice product,0,2
Accucheck,Working fine,0,2
Accucheck,show E5,0,2
Accucheck,Late delivery,0,2
Accucheck,Easy ordering,0,2
Accucheck,I like the accuracy,1,4
Accucheck,Damage in your accu chek active strip,0,7
Accucheck,Expected a longer expire date. Your Product Listings should mention the expire date too.,0,14
Accucheck,I liked the prompt service,0,5
Accucheck,Good product,0,2
Accucheck,I not needed,0,3
Accucheck,Not received the product.,0,4
Accucheck,The chip is not given that I actually was looking,0,10
Accucheck,The reading is very accurate,1,5
Accucheck,Good price with Comfortable expire date,0,6
Accucheck,I PREFER A STRIP THAT DRAW BLOOD .INSTEAD OF APPLYING DROP OFBLOOD AT AN APPROPRIATE SPOT IN THE STRIP,0,19
Accucheck,it was good service.,0,4
Accucheck,Reliable,0,1
Accucheck,It is a good product,1,5
Accucheck,Good,0,1
Accucheck,Not used yet,0,3
Accucheck,Wrongly ordered,0,2
Accucheck,Meets requirement,0,2
Accucheck,"The expire of the product is only of 6 onth while I am a retail user, It is not at all physiable to me.",0,24
Accucheck,Timely delivery,0,2
Accucheck,Nyc packing,0,2
Accucheck,It is Genuine,0,3
Accucheck,Good as assured,1,3
Accucheck,"Only 40 strip inside,very bad experience",0,6
Accucheck,Delivery time.. required fast delivery,0,5
Accucheck,Original product,0,2
Accucheck,Dislike,0,1
Accucheck,Quick result for test and easy to use.,1,8
Accucheck,Easy to use,1,3
Accucheck,Dimly delivered and quality ie Good...,0,6
Accucheck,Well coordinate and on time service,0,6
Accucheck,I like it,0,3
Accucheck,Packaging was good Delivery was on time. Overall satisfied as a customer.,0,12
Accucheck,You dont send the thing we ordered online Even after you dont try to replace and give original which I wanted No customer care service.,0,25
Accucheck,Using for monitoring diabetes,1,4
Accucheck,Packing should be of 25 pics.,0,6
Accucheck,I like very much,1,4
Accucheck,time of delivery,0,3
Accucheck,EXCELLENT IN USE,1,3
Accucheck,Timely delivery,0,2
Accucheck,Good working,0,2
Accucheck,The packing and on time delivery of the product,0,9
Accucheck,Good product,0,2
Accucheck,Good service,0,2
Accucheck,The time/days took to deliver is really bad,0,8
Accucheck,Work is good but motivation chip missed,1,7
Accucheck,ALL IS WELL . NOTHING TO DISLIKE,0,7
Accucheck,Timely delivery,0,2
Accucheck,Timely delivery,0,2
Accucheck,Accurate Monitoring Device,1,3
Accucheck,Its ok,0,2
Accucheck,Customer service,0,2
Accucheck,It is good for testing the sugar liable in the body,1,11
Accucheck,Excellent thing on excellent price,1,5
Accucheck,prompt delivery,0,2
Accucheck,Good product with expire date of 2021,0,7
Accucheck,Expire date was 2021,0,4
Accucheck,The test strip 50 box sent along with machine is not correct . its not fitting in,1,17
Accucheck,Good delivery,0,2
Accucheck,Late delivery,0,2
Accucheck,Very good,0,2
Accucheck,its price and delivery,0,4
Accucheck,Faster delivery at reasonable cost,0,5
Accucheck,Like,0,1
Accucheck,Very fast delivery,0,3
Accucheck,Fast delivery,0,2
Accucheck,Very good.good results,1,3
Accucheck,On same code-chip operating original ....fast days delivery appreciate...,0,9
Accucheck,Expire Date was good enough to help me in using the qty I recd.,0,14
Accucheck,recent expire date,0,3
Accucheck,Product was damage,0,3
Accucheck,OK.VERY COSTLY.,0,2
Accucheck,good,0,1
Accucheck,From response and delivery Maximum discount received,0,7
Accucheck,Not working,0,2
Accucheck,I think its genuine and perfect,0,6
Accucheck,courier service,0,2
Accucheck,Price and authenticity,1,3
Accucheck,I want to return,0,4
Accucheck,Dislike that there is no provision to change elective test strips to instant test strips,1,15
Accucheck,Yeah that is ok.,0,4
Accucheck,One of the packet containing 50 strips was found to be opened,0,12
Accucheck,Easy to use and accurate results,1,6
Accucheck,Try to mention the expire date and mfg date in the product description of certain products,0,16
Accucheck,Occur check strip box dont have code strip,1,8
Accucheck,"Prompt delivery,good rebates",0,3
Accucheck,Delivery is good,0,3
Accucheck,Mud rate,0,2
Accucheck,compared with the diagnostic lab results on the same day and the results are almost comparable..Liked the product,1,18
Accucheck,Wrong item sent and no remedy for that,0,8
Accucheck,Excellent,0,1
Accucheck,for prompt delivery and accurate product,0,6
Accucheck,I think these are the best,0,6
Accucheck,Delivery time is too late,0,5
Accucheck,YOUR PROMPT SERVICE,0,3
Accucheck,Very good service,0,3
Accucheck,Delivery,0,1
Accucheck,"Delivered on time, expecting next day deliver service",0,8
Accucheck,Accurate measurement,0,2
Accucheck,Very good,0,2
Accucheck,easy to use.,0,3
Accucheck,Easy to use and result in seconds....,1,7
Accucheck,Smart insert missing i complained on app but no reply from your end. Please can you help me,0,18
Accucheck,Purchase with best offer,1,4
Accucheck,Same code 333,1,3
Accucheck,Late delivery division of orders,0,5
Accucheck,No complaints,0,2
Accucheck,On time delivery and discount,0,5
Accucheck,Easy house,0,2
Accucheck,Very good,0,2
Accucheck,Discount should have been given,0,5
Accucheck,Cost is high,1,3
Accucheck,Dependable and easy to use .,1,6
Accucheck,"In Occur Chen active test strip box , chip was not available.So no use for me. Without chip I canst test . Waste of money",0,25
Accucheck,Packaging,0,1
Accucheck,"Price is very high Would be a blessing to senior citizens like me,if the price could be reduced",0,18
Accucheck,Very good every thing,1,4
Accucheck,Out if 5 strips one strip was showing error.,1,9
Accucheck,Good,1,1
Accucheck,Delivery was in time and product found well enfin with packing,0,11
Accucheck,Expiration date is max,0,4
Accucheck,its doing its work for which its purchased,1,8
Accucheck,Good,1,1
Accucheck,very easily to get medicines which are genuine,0,8
Accucheck,Prompt follow and quick disposal,0,5
Accucheck,There was no information regarding expire date. But received strips with reasonable expire date.,0,14
Accucheck,Nice,0,1
Accucheck,Expired stripes written 2020 but expired in July only,0,9
Accucheck,Excellent for regular n easy gluco meter,1,7
Accucheck,Product and price is good but delivery services should be improved,0,11
Accucheck,the worst product from the company we couldn find coming chip inside the product.and complain it to certain person but I canst get satisfied answer,1,25
Accucheck,all ok,0,2
Accucheck,I loved this product.Shelcal gives energy,1,6
Accucheck,It did not serve my purpose since my machine is different,1,11
Accucheck,Good deal,0,2
Accucheck,good service,0,2
Accucheck,Good results,0,2
Accucheck,Delivered on time,0,3
Accucheck,I was not delivered the right product,0,7
Accucheck,Liked the package,0,3
Accucheck,Fast delivery,0,2
Accucheck,Good,0,1
Accucheck,Packing,0,1
Accucheck,Fast delivery,0,2
Accucheck,It is good,0,3
Accucheck,Delivery was on time and there was reasonably good discount on the product,0,13
Accucheck,Early delivery with online payment mode,0,6
Accucheck,Strip very good but price is very high with other brands,1,11
Accucheck,Fast delivery,0,2
Accucheck,New box only i got,0,5
Accucheck,All Good,0,2
Accucheck,Has been using for long time,0,6
Accucheck,I purchased Occur Check Instant Machine and ordered strips for this machine.after received noticed stops are not suitable for this machine,1,21
Accucheck,Pack was found opened,0,4
Accucheck,Price is high,0,3
Accucheck,No comments,0,2
Accucheck,Good,0,1
Accucheck,I am using since many yr.,1,6
Accucheck,Worked perfectly No coming required either,1,6
Accucheck,Good boy,0,2
Accucheck,All are good except only one - the price is too much high,1,13
Accucheck,Late delivery and I am not able to redeem my wallet money,0,12
Accucheck,Timely delivered,0,2
Accucheck,Long delivery time,0,3
Accucheck,Received as described,1,3
Accucheck,Good,0,1
Accucheck,Delivery before sexual given,0,4
Accucheck,Timely delivery of the product,0,5
Accucheck,The product appears on the cart is different from what I have received Totally disappointed,0,15
Accucheck,"Timely supply,and good product",0,4
Accucheck,Cost is not competitive,0,4
Accucheck,at first the delivered product was wrong one which was later replaced,0,12
Accucheck,Product dispatch,0,2
Accucheck,Still I have not get this product and this one is still missing and behalf of urs u doesn follow up my complain,0,23
Accucheck,Good. Delivery on time,0,4
Accucheck,Price and discount,0,3
Accucheck,Very effective and accurate strips,1,5
Accucheck,Best product,0,2
Accucheck,Reduction in MRP,0,3
Accucheck,Correct measurement cheaper in comparison buying in open market,1,9
Accucheck,Reliable price,0,2
Accucheck,Nothing to dislike,0,3
Accucheck,Not like the billing procedure,0,5
Accucheck,I have been using it for my grandfather since past 10years. This is a great product to test blood sugar at home in just few seconds Accuracy is 80%.,1,29
Accucheck,Fast and Reliable Product. Ordered it for my father,1,9
Accucheck,Please process fst,0,3
Accucheck,Nothing specific about the strip though.,0,6
Accucheck,Good service,0,2
Accucheck,Due to exp date is very near,0,7
Accucheck,I have been using it for some time and was fully aware of the product,0,15
Accucheck,The strips showing E 1 error and not recording,1,9
Accucheck,Need improvement delivery,0,3
Accucheck,Reliable and economic,1,3
Accucheck,timely delivery,0,2
Accucheck,Nothing special,0,2
Accucheck,Like,0,1
Accucheck,Nothing all is good,0,4
Accucheck,Prompt Delivery,0,2
Accucheck,Arrived fast and exact material ordered,0,6
Accucheck,Willingness to help,1,3
Accucheck,I like,0,2
Accucheck,Nice price with long expire,0,5
Accucheck,Price & Service,0,3
Accucheck,Good discount,0,2
