product,answer_option,label
Accucheck,Fast and accurate delivery,0
Accucheck,As usual it is genuine ,0
Accucheck,Behavior of delivery boy is very bad. Delivery time is long where as other online stores are providing better facilities,0
Accucheck,fwegwrqdsdvwfg,0
Accucheck,These strips were as per my requirment,0
Accucheck,Fast service was good,0
Accucheck,Received 10 strips and 2 packets of lancets ..in place of 100 strips,0
Accucheck,Does not fit my machine ,0
Accucheck,Discount and quick response,0
Accucheck,Fast delivery with good packing.,0
Accucheck,My favorite daily needs as trusted,0
Accucheck,I liked the simplified ordering process,0
Accucheck,have been using the product is fine,0
Accucheck,Does not fit into my new Accu-Chek glucometer received recently . Box of 50 strips was ordered along with the Glucometer and I presumed it to be the right one .,0
Accucheck,It's some Chinese vendor product not the actual Accu-Chek strip,0
Accucheck,packing is good and date of expiry is more,0
Accucheck,It get deliver on time and I get good discount.,0
Accucheck,Good discount & fast delivery.,0
Accucheck,INTERNAL PACKING IS DAMAGED,0
Accucheck,Very Nice product and prompt delivery.,0
Accucheck,Product is good as described,0
Accucheck,Ease of doing business,0
Accucheck,Can not see expiry before order all other is good,0
Accucheck,Your packing was very bad and it was torn somewhere,0
Accucheck,Everything is right there but please try to cut rate on 50 or 100 strips  after that it will be reach in more hands thanks.,0
Accucheck,The product is good,0
Accucheck,The Accu-Chek active strips are quite reliable.,1
Accucheck,The supply is as per requirement and satisfaction.,0
Accucheck,Price expected RS 650/-,0
Accucheck,Itâ€™s value for money and cheaper than market,0
Accucheck,addition of delivery charges on the purchase more than Rs. 1000/,0
Accucheck,It is easy to see blood suger ,1
Accucheck,Product ordered wrong and not replace first time shop and had loss of 600/_ I am not rich person I ordered from you for save some money and got loss. And till now not able to purchase new strip for checking my blood sugar what is going in my bong I don't know,0
Accucheck,Overall experience was good,0
Accucheck,amazon products are better,0
Accucheck,I like the app because it contains all medicine,0
Accucheck,Nothing to dislike. ,0
Accucheck,"Yes, I like this product.",0
Accucheck,"I like that Accu-Check Active Strip box, bcz that is as per discription. But i dont like delivery bcz the external box(package)  got damaged much. However the Active strip box is Ok.",0
Accucheck,no description mentioned in what machine it can be used,0
Accucheck,"Wanted instant, but sent active strip",0
Accucheck,I have using for long. No complain.,0
Accucheck,The strips are quite useful.,1
Accucheck,Good packaging and on time delivery,0
Accucheck,Some of the strips did not respond,0
Accucheck,Price to high ,0
Accucheck,It's gud to use,1
Accucheck,Good to track sugar level,1
Accucheck,Previously the micro chip used to be of red colour but now this is black and all of these chip s have a common code no.333.,1
Accucheck,Good Accu check strip,1
Accucheck,It is not supported with the machine I ordered ,0
Accucheck,Quick delivery and good stuff,0
Accucheck,DELAYED IN  DELIVERY TIME,0
Accucheck,nice as per required,0
Accucheck,Packing and delivery is good. Product is excellent.,0
Accucheck,It ws the wrong product ordered by mistake,0
Accucheck,Whenever i am putting d strip in d machine its showing E-5 ...this mesns the strips r expired...not satisfied ..,1
Accucheck,Could you please improve delivery time,0
Accucheck,Low price. And fast gome delivery i like it.,0
Accucheck,Strips expiry date is long that's good,0
Accucheck,"Nice product. Reliable. I'm using approx 120 strips in a month, please Try to make it cheaper.",1
Accucheck,The product was delivered after 15days and too on repeated requests. Had to contact the agent personally. Horrible experience.,0
Accucheck,All is very first,0
Accucheck,Good but not good,0
Accucheck,Effective it's good ,1
Accucheck,Good  as per my expectation ,1
Accucheck,"I have got this product from Paytm,as I find either courier or Xbees courier might have hands in giving me empty box.",0
Accucheck,on time delivery and product is as described. satisfied with overall service. ,0
Accucheck,There is no discount on the product,0
Accucheck,dispatch on committed date,0
Accucheck,Prompt delivery with reasonable price. Discount offer is also good. Further order may be given with such discount offer. Apps downloaded.Intimation in email id regarding delivery status ,0
Accucheck,Very poor delivery system took more than the expected time to deliver. Need improvement. Needs better communication with customers,0
Accucheck,nice                                                                                                    ,0
Accucheck,"Everything went well. From placing order , to receiving it, to the discounts , to the freebies. Keep up ",0
Accucheck,Sevice is prompt.Staff who speaks on phone is well mannered.I wish to give me good service in near future.,0
Accucheck,Like: Good product in good packaging at reasonable price. Timely delivery. Nothing to dislike here.thumbs up,0
Accucheck,Please check my previous comments.,0
Accucheck,The strips very accurately takes reading.,1
Accucheck,"Packing was horrible. It was good that the strips were in a box,else the packing was all twisted and the box had almost given away",0
Accucheck,i returned it as i needed Performa.,0
Accucheck,Have been using it for a while and am happy with the performance n results. ,0
Accucheck,Using since last 10years.Best for sugar levels check your self.,1
Accucheck,qwerwetrjy,0
Accucheck,It is working as usual. ,0
Accucheck,Dislike as it showed higher reading than original ,1
Accucheck,Very bad condition ,0
Accucheck,Strip is easy to use and give accurate results.,0
Accucheck,A nice product ,0
Accucheck,Easy to use and give accurate result,1
Accucheck,"Packing is good, delivered on time",0
Accucheck,Time take for delivery is total unacceptable. You took more than 48 hour to delivery 1 glucose measuring strip. Would have been better to go to the local pharmacy. Your online support has fixed set of answers. But being unable to deliver critical medicines within the promised time just defies everything.,0
Accucheck,"No SLA, pathetic customer support, support was as late as your order was.",0
Accucheck,Show E-5  after one month of opening packet.,0
Accucheck,Great discount and on time delivery,0
Accucheck,It was in time delivered ,0
Accucheck,"Timely delivery, good packing",0
Accucheck,"Good in quality , produces aqurate result.",0
Accucheck,The price is affordable ,0
Accucheck,Best service & product have no issues,0
Accucheck,Not satisfied with quality of strips,0
Accucheck,It's good to use. ,1
Accucheck,Dislike is cost... Rest all good,0
shampoo,Like- product is as expected. Dislike- no immediate relief or assured relief,1
shampoo,It really helps to relieve dandruff and itching,1
shampoo,It prevents scales formation on head skin and dandruff,1
shampoo,Delivery not in time,0
shampoo,Nice for anti dandruff ,1
shampoo,Not supply in time,0
shampoo,Best in hair scalp problem just 1wash,1
shampoo,i wanted a good antidandruff hair treatment as my scalp was getting dry very often and troubled by itching scalp at times but no flakes. initialy was found good result but later the same,0
shampoo,It does what it says,0
shampoo,We are using regularly ,0
shampoo,Not so effective ,0
shampoo,Before sending to customer PL.go thru order.carefully see the quantity ordered n quantity send.  To avoid interaction with executive,0
shampoo,The delivery person was lazy.,0
shampoo,Price is so high reduce price ,1
shampoo,Is it not an immediate solution for dandraft. We may need to use it for longer time. We need a quick and effective remedy.,0
shampoo,There is no difference in the dandruff after using this shampoo ,1
shampoo,Always check my hair now see my hair no dandruff so happy ,1
shampoo,Not improvement in my hair,1
shampoo,It's a great shampoo for dandruff,1
shampoo,I like it.use of it to reduce dandruff.,1
shampoo,Need to repeatedly keep using it,0
shampoo,shampoo seems fine..its same as i use to purchase from the local medical shop,0
shampoo,Scalpe anti dandruff shampoo is clinically advised for dandruff and it really works than any other shampoo in market,1
shampoo,Good for dandruff control,1
shampoo,The shampoo is working and the quantity of dandruff has reduced. I am looking forward for complete protection and excited. ,1
shampoo,good product but it remove dandruff if you use this for long time,0
shampoo,"I was diagnosed with Seborrheic Dermatitis a decade ago and had been recommeded this shampoo for control and management of the condition. A decade later, I started experiencing pimples on my forehead from dandruff fall-out and turned to this shampoo again. I saw a decrease in pimples in just 3 washes. Would definitely recommend for short-term use, as the shampoo is high on chemicals. Would suggets the use of a conditioner post wash, as the shampoo is extremely drying.",1
shampoo,Please verify  that vendor right product pack or not,0
shampoo,Its good but it makes scalpe dry,1
shampoo,Works well with my hair oil to decrease dandruff,1
shampoo,It's my regular choice ,0
shampoo,Liked it very nicely working now my scalp is anti dandruff.. ,1
shampoo,Its not much effective as it has been stated in product description.,0
shampoo,"Excellent Cost, please provide free delivery if cost is less than 500 also, it will be mostly helpful.",0
shampoo,Quality and Right product was made available and within stipulated period of time. ,0
shampoo,Not work as it explained about that .,0
shampoo,The Package is really good,0
shampoo,No use... Wash ur hair with water.. that's much better,1
shampoo,Really like this shampoo..this does perfecly what it demand to do..,0
shampoo,I've too much dandruff abd  acne on my scalp  ...and I'm using this from last 1 month but I didn't get better result till now,1
shampoo,STOP SENDING ME SMS you assholes,0
shampoo,Good but not very effective,0
shampoo,"Best therapy of dandruff, I like it.",0
shampoo,Excellent service.. delivery time can be improved,0
shampoo,Can't say anything now,0
shampoo,I have been advised by the owner of the product that it will give me relief for 72 hours for the use and may use for a month and after that one week once is to used. But in my experience it is useful for only six hours and after that itching is starting.,0
shampoo,This Shampoo is good quality  n anti dandruff shampoo it's working up to 80 percent,1
shampoo,It really does help but the bottle is only apt for three washes. ,1
shampoo,Not to much effective ,0
shampoo,Not worth to buy online if your order value is less Thant â‚¹500 because of the logistics charges. Also courier partner donâ€™t accept card only cash. So there is scope of improvement in supply chain and payment,0
shampoo,No benifit this item,0
shampoo,Delivery time can improve,0
shampoo,This shampoo doesn't remove dandruff,1
shampoo,Good Anti dandruff ,0
shampoo,When Iâ€™m using in the beginning I get more hair fall bad after few days my problem was solved ,1
shampoo,Very nice product ,0
shampoo,Excellent outstanding product ,1
shampoo,It work good ,0
shampoo,Amazing results in just 4 wash. Definitely recommended,1
shampoo,Received  next day,0
shampoo,Discount was less than other online sites,0
shampoo,Worked really well for fungal infection,1
shampoo,Its good product for hair and scalp,1
shampoo,Price is very high,0
shampoo,"At first, the Dandruff disappears - - but it re-appears if the shampoo is not used for about a week.  Hence I am not fully convinced about its efficacy in eradicating dandruff fully. ",1
shampoo,Good you can see the results with in second and third use,0
shampoo,It doesn't work ,0
shampoo,It is a great product for dealing with dandruff,0
shampoo,"Wash your head within 3 days for sometime. Or just someday in 2 days when you see more dandruff. It's matter of few days you see your hair fall, but I didn't see any of my hair falling. Thankyou",1
shampoo,Its really stops head itching n redfishness,1
shampoo,Good shampoo.Helps to keep dandruff under control.,1
shampoo,I am using very offen last 6 yrs. It's fantastic result on Dandruff  free hair and smooth.,1
shampoo,Excellent service and cost also,0
shampoo,After 2 to 3 usage it has cleared up my dandruff fully,1
shampoo,It's actually helpfull indeed,0
shampoo,I liked its on time delivery n price.,0
shampoo,Good for dandruff and scalpe problem,1
shampoo,Like the timely delivery,0
shampoo,I lyk this shampoo..n also remove dandruff frm hairs,1
shampoo,The price is high.the shampoo is very good,0
shampoo,No solution my hair iam sorry no less of dandruff ,1
shampoo,Not working as asspacted,0
shampoo,Almost half a bottle is needed for one day use. donot foam..,1
shampoo,Product is good but expensive ,0
shampoo,Good.. Plz launnch in different flavors ,1
shampoo,I m useing 4 time,0
shampoo,Reduce dandruff in few days,0
shampoo,Quite effective and also doesn't dry the hair on usage,1
shampoo,Good working for dandruff ..and icthing...all problems are solved,1
shampoo,It is really effective.,0
shampoo,My hair getting dry after using it . It has side effects and can whitish your hair. Consult doctor for recommendation.,1
shampoo,It is very useful for who are effecting by dandruff ,0
shampoo,Shampoo is good for reducing dandruf,0
shampoo,It is effective but costly..,0
shampoo,It is better but not a permanent solution for dandruff,0
shampoo,It dose not effect on scalp,1
shampoo,it is a best recommended anti dandruff shampoo I have used ever yes it is a bit costly but the results are good,1
shampoo,I used it many times but dandruff not cured permanently. Although it reliefs but not a permanent solution for me.,0
shampoo,Super sampoo for those persol who has hairfall problem ,1
shampoo,Nice product and I got a very good result from the product. ,0
shampoo,"It's a good conditioner but not effective on dandruff, my scaling is gone..good",1
shampoo,This shampoo prescribed by doctor for my son to avoid dandruff and it works perfectly,1
shampoo,The bottle content is very less thoughts like already used,0
shampoo,Solve my poblem in one wash ,0
shampoo,Scalpe shampoo is effective on the DANDRUFF the basic necessity for which it is recommended.  The part which hurts is the Cost of the product which is too steep and there is no alternative hence it becomes a necessaity,1
shampoo,Good for seborrheic dermatitis,1
Becadexamin,very good  product ,0
Becadexamin,"Since it is a multivitamin capsule and I am trying for the first time, & now I crossed 1 week of taking becadexamin.Right now I can't say anything but still I like the product as my doc recommended me to take becadexamin .I am feeling little relaxed .",0
Becadexamin,I like it very much.,0
Becadexamin,It gets sticky even when kept in refrigerator ,1
Becadexamin,It was suggested by doctors and my son like it to take one time at every night.,0
Becadexamin,As good as it is supposed to be.,0
Becadexamin,This is not expensive compare with any other multi vitamins capsule. ,0
Becadexamin,Delay in courier Service,0
Becadexamin,Not very useful as Vitamin,1
Becadexamin,It was helpful for me,0
Becadexamin,It gives extra  strength,1
Becadexamin,"Its prescribed to from one of the best Dr, I was unable to find it but got it here. felt now side effect hence preferring it.",1
Becadexamin,Effective at low price,0
Becadexamin,Product is soo good.,0
Becadexamin,Good multi vitamin tablet..,1
Becadexamin,Timely delivery n discount,0
Becadexamin,Good quality easily available product.,0
Becadexamin,Very useful . Nd powerful capsule . ,1
Becadexamin,Price is lower on other site ,0
Becadexamin,Like - They are cheap,0
Becadexamin,Bacadexamin is nice tablets,0
Becadexamin,Liked it. The bottle is of glass i thougt it to be of plastic hence thrown it to the table and when i open the box .. unfortunately the bottle is cracked although the bubble lining is on one side. But thats my mistake. I liked the network and appreciate your work ethics.,0
Becadexamin,I am consuming this product for a long time. ,0
Becadexamin,Little costly then market ,0
Becadexamin,Sentatic no so good ,0
Becadexamin,I am using the product and its very good.,0
Becadexamin,Very effective but I don't like the smell of capsule,1
Becadexamin,Best and cheapest multivitamin capsules,1
Becadexamin,Why do you ask this? Are you doubtful about itâ€™s genuineness?Why not other medicines that I ordered?,0
Becadexamin,It's very cheap but very good energy for our daily routine ,0
Becadexamin,product quality is ok as per the price.,0
Becadexamin,"I bought it because not available in my city,,,nice product",0
Becadexamin,"Good and reliable source of vitamin, but quantity of vitamin should be more",1
Becadexamin,personalized health product ,1
Becadexamin,Good and shows result ,0
Becadexamin,The product is really good,0
Becadexamin,Good vitamin source at cheapest price,1
Becadexamin,Good supplement... Affordable ,1
Becadexamin,"This is an old product, not much improvement ",0
Becadexamin,It is goood  product,0
Becadexamin,Low price good product ,0
Becadexamin,Delivery was too late,0
Becadexamin,Value for money vitamins,1
Becadexamin,It works but have to give some time,0
Becadexamin,This is great muti vitamins..,1
Becadexamin,No longer user  starting soon ,0
Becadexamin,"fast delivery, neat packing and price discount.",0
Becadexamin,The packaging and of course the delivery was very good,0
Becadexamin,Nothing to dislike. Its a good multi vitamin,1
Becadexamin,all ok. using since 30+ years,0
Becadexamin,My father is taking the tablet for the last 30 years..the multivitamin tablet is very essential especially for diabetics.,1
Becadexamin,"Fast delivery,best quality medicine and great discounts.",0
Becadexamin,Bottles received in good condition. Product still to try.,0
Becadexamin,Good for daily supplement,1
Becadexamin,How csn one rate medicines qualitatively??,0
Becadexamin,Not at all recommended full of synthetic color and nonveg material,1
Becadexamin,One pensive yet effective,0
Becadexamin,Chaljata hai ek mahina sasta bhi hai. ðŸ˜‚,0
Becadexamin,Selenium is missing and vitamin A is more tgan what is needed for everyday requirement.,1
Becadexamin,Becadexamin is a powerhouse of vitamins and it is cost effective,1
Becadexamin,Everything was perfect including product and delivery ,0
Becadexamin,Should give more discount on purchase,0
Becadexamin, I have no result for that ,0
Becadexamin,Cuorer facility not good,0
Becadexamin,Quality at economical price ,0
Becadexamin,Good and economical multi vitamin mineral capsule,1
Becadexamin,"i am worried to take i took 1 and was having, drowziness worried should i continue or not,doctor need to suggest for b12",0
Becadexamin,Quality is good....can feel the difference,0
Becadexamin,It is very useful and effective,1
Becadexamin,excellent product and customer service.,0
Becadexamin,All in one. Packing should be in plastic bottle instead of glass bottel.,0
Becadexamin,"Very good small package of all vitamins and minerals. I must say, plz go for this product.",0
Becadexamin,"All range of vitamins present, cost effective as well..",1
Becadexamin,No prescription  needed,0
Becadexamin,Very nice medicine for vitamin s and supplement,1
Becadexamin,It's much effective and affordable,1
Becadexamin,Has always stood the test of time for quality.,0
Becadexamin,Good and beneficial ,1
Becadexamin,"great price, fast delivery.",0
Becadexamin,Best multivitamin in this range as compared to other,1
Neurobion,Fast delivery Authentic product.,0
Neurobion,"After having it, I felt itching allergy, acne & pimples problems overall skin problem.",1
Neurobion,overall good experience and this is one of the best medicine for me and works well over me. thanks,0
Neurobion,It is good for nerves,1
Neurobion,Nice every thing,0
Neurobion,Timely delivery Good packing,0
Neurobion,Good medicine for vitamin B,1
Neurobion,The tablet is very harmful,1
Neurobion,Best in help of Complex bone and mussel problem,0
Neurobion,I have been prescribed by my doctor for general weakness I feel better,0
Neurobion,You failed to deliver medicine twice and without any talk with me you have canceled my two orders,0
Neurobion,It is good for Nevas in body,0
Neurobion,Its a wonderful tablet.,0
Neurobion,I dont know it work or what .,0
Neurobion,Actually I bought this medicine for my father so I canst tell about this,0
Neurobion,I regularly use it for improvement of vitamin B,1
Neurobion,its a good and cheap combo of neurovitamins,1
Neurobion,Packing should have been a bit strong,0
Neurobion,Stop Asking silly questions wasting time,0
Neurobion,It is as per recommendation.,0
Neurobion,One of the better vitamin complex tablet with B-12.Very effective,1
Neurobion,smells a lot but packed well....,0
Neurobion,Good price and quick delivery,0
Neurobion,Disprin require percription . Very strange,0
Neurobion,I have been using it for a while and found it to be a good nerve support,1
Neurobion,I am a diabetic patient and I am taking regularly,1
Neurobion,I did not purchase it this time.,0
Neurobion,Genuine and good pricing,0
Neurobion,its effective against pain due to nerve pitching,1
Neurobion,its a good product.,0
Neurobion,helpful in gaining strength,1
Neurobion,I like neurobiology forte tablet and I take this daily since long time,0
Neurobion,Two tablets were exposed as their seals were punctured,0
Neurobion,its a good product.,0
Neurobion,It gives strength to veins,1
Neurobion,It is a very good medicine,1
Neurobion,its not making any much difference,0
Neurobion,Good vitamin tablets,0
Neurobion,good To be taken as per Or advice,0
Neurobion,its good for body,0
Neurobion,It keeps an old women of 94yrs going,1
Neurobion,excellent vitamin tablet at lowest pric!e. Value for money !,1
Neurobion,good packing but a bit slower delivery considering it was really near my address,0
Neurobion,Medicine is good and gives me positive results,1
Neurobion,"Reasonable price,recommended by doctors no adverse effect noticed it helps nerve strengthening,long term use",1
Neurobion,Bifurcation of order given,0
Neurobion,Its a vitamin tablet!,1
Neurobion,Medicine not available in stock in required quantity,0
Neurobion,It is a time tested drug,0
Neurobion,The rate is very reasonable,0
Neurobion,Right from placing the order to being delivered,0
Neurobion,No discount I got I got Usually 15 % from my chemist,0
Neurobion,Because I have not satisfied,0
Neurobion,I have received medicines with early expire and the Voice issued was incorrect,0
Neurobion,Mud source of b12,0
Neurobion,Effective for my mother,0
Neurobion,taste heavy small,0
Neurobion,Till now I didn dislike anything,0
Neurobion,dislike -- reason smell,1
Neurobion,The delivery boy said the phone number was not available to call. Packing has to be done appropriately He threatened not to deliver next time if it happens,0
Neurobion,AS a Vitamin supplement Neurobion Forte is very good for diabetic,1
Neurobion,Prompt same day delivery,0
Neurobion,Good vitamin supplement,0
Neurobion,Almost no discount on OTC products Pharmeasy & other apps providing least 20%discount. Nearby medical stores are providing 15% discount,0
Neurobion,I got all tablets except this one The service was good for all other tablets Since this tablet was not that costly I just left it without complaining,0
Neurobion,Service as well as app(v fast,0
Neurobion,Original product at great discount,0
Neurobion,Unfordable prices.... Helped with muscle spasms and general anxiety,0
Neurobion,Quick delivery with no problem,0
Neurobion,This is nice red colour tablet...looks so nice and after I eat I feel it must be doing something nice otherwise why would my doctor tell me to have it daily Silt!!,0
Neurobion,Complete vitamin B tablet,0
Neurobion,Great for most neurological issue.,1
Neurobion,all is good but need to be work on portal offers,0
Neurobion,It seems that it is substandard,0
Neurobion,gehryetw,0
Neurobion,I am 74 years old hence I was always feel tired and needed lie down for rest After taking nuerobion I feel better and can do some work actively,1
Neurobion,its good for weak nerve and helps to work,0
Neurobion,Extremely fast supply.just the same day.,0
Neurobion,Good for daily work,0
Neurobion,best in its class,0
Neurobion,it helps me in sciatica pain,1
Neurobion,Genetic and useful,1
Neurobion,"It is a prescribed medicine, what is there to like or dislike in that!!???",0
Neurobion,Good to receive on time.,0
Neurobion,I like it,0
Neurobion,NO DISLIKE. ONLY LIKE,0
Neurobion,Effective supplement as vitamin B complex,1
Neurobion,Quality in such a low cost,0
Neurobion,This is also prescribed by my doctor,1
Neurobion,its working good in cheapest price,0
Neurobion,medicine is long lasting expire date,0
Neurobion,timely delivery and updates,0
Neurobion,its really good,0
Neurobion,Along with this i had initially ordered glycogen for which a prescription was called for But what i had unloaded was not a'exited as it was issued in 2015. Since this is regular medication for diabetic control age of the prescription should not matter.,0
Neurobion,This Tablet was cause of vomitting sorry,0
Neurobion,Good to have one everyday,1
Neurobion,good option for vitamin b12 supplement,1
Neurobion,The way of packing is good thank you,0
Neurobion,Good for health,0
Neurobion,B complex product withb12 at a very reasonable price,1
Neurobion,Effect when taken for long duration,1
Neurobion,U should give discount on that also,0
Neurobion,Good discount and cashback,0
Neurobion,it does the work,0
Neurobion,Delivery and information available on webster,0
Neurobion,nice tablet for boasting a day,0
Neurobion,Good substitute for vitamin B in lesser price.,1
Neurobion,Response from team was poor,0
Neurobion,Good medicine for nerves,1
Neurobion,Good packing and expire date,0
Neurobion,Good for back pain due to deficiency of vitamin b,0
Neurobion,Don't have any test,0
Neurobion,Product delivery is late,0
Neurobion,Time required for is too much for customer care support,0
Neurobion,I ordered for my mother,0
Neurobion,It is a good broad spectrum medicine for occasional use.,1
Neurobion,Helpful in the price range in compare to other multivitamins,1
Neurobion,Results in 35-40 days...In back pain and tastelessnees.,0
Neurobion,Increases the nerves strength,1
Neurobion,All tablet are found in excellent condition,0
Neurobion,"Cannot remember rhis medicine, rated arbitrarily",0
Neurobion,Medicine keeps whole day active and no tiredness,1
Neurobion,All medicine are good and with discount price.,0
Shelcal,Since I am diabetic my doctor advise me take 1 tab once a day..,1
Shelcal,Ease of finding ,0
Shelcal,known medicine for calcium,1
Shelcal,"It's effectable,after 40 every women should be use",1
Shelcal,Very much liked ,0
Shelcal,Good Packing & Useful Tablet,0
Shelcal,Shelcal is good calcium tablets.I take it daily regularly.,1
Shelcal,Came on time without any damage,0
Shelcal,So many simple vitamin tablets were not sent because of prescription,0
Shelcal,Have to take them whether like or not.,0
Shelcal,"Ease of ordering, fast delivery and no confusion",0
Shelcal,The new print on the backside,0
Shelcal,This order was delivered timely as compared to other order which took more than 10 days to deliver,0
Shelcal,I like the home delivery service is very good.,0
Shelcal,nothing to dislike ,0
Shelcal,Quite effective than other calcium supplements ,1
Shelcal,Good one my daughter,0
Shelcal,Satisfactory Service besides some minor negligencies.,0
Shelcal,No commitment and no fixed delivery schedule,0
Shelcal,They are good for older persons,1
Shelcal,Delivery goofup was there. However product n packaging were good.,0
Shelcal,gehryetw,0
Shelcal,Send all items together,0
Shelcal,Discount compare to others,0
Shelcal,Very effective tablet for artho problem,0
Shelcal,Excellent response and fabulous discounts ,0
Shelcal,Sweet outer coating is easy to swallow,1
Shelcal,It is run of a mill product. Nothing special.,0
Shelcal,Shelcal is a good calcium suppliment from a reputed company at a reasonable price. ,1
Shelcal,calcium supplement recommended by Drs,1
Shelcal,Discount is not given according to mentioned ,0
Shelcal,Very Poor Service                                                                                                  ,0
Shelcal,IT IS HELPFUL TO MY BODY ,0
Shelcal,Discount is very minimal,0
Shelcal,My doctor recommends this during the pregnancy and post pregnancy,0
Shelcal,good product and quick delivery,0
Shelcal,i had cracking sound from knees which persists even now after having shelcal for a month,0
Shelcal,delivered on time.with discount,0
Shelcal,paypal payment method was not working. Product was fine,0
Shelcal,Very poor service and not print ..got my medicine after 2days ..lots of improvement required,0
Shelcal,It's a good calcium supplement....,1
Shelcal,Canâ€™t say until use by minimum month,0
Shelcal,I am taking it in good faith expecting it to be genuine. No question to like or dislike it. ,0
Shelcal,I didnt order for shelcal 500 tablet.,0
Shelcal,The medicine is fine but the my other medicine is cancelled by the vendor,0
Shelcal,Good calcium tablets. No side effects.,1
Shelcal,Timely delivery with less price,0
Shelcal,Discount is not applicable on this product.,0
Shelcal,Like to buy ,0
Shelcal,"Its not use me, I enquire for my friend",0
Shelcal,Protected packing and effective for bone density,0
Shelcal,as per the order,0
Shelcal,My father and wife have been having this calcium supplement for many years,0
Shelcal,Just started taking this tablet 1 month back can't say  anything right now,0
Shelcal,Rate of discount offered is very less compared to what others are offering,0
Shelcal,Good for daily nutrients,1
Shelcal,Delivery very late ,0
Shelcal,Result is good ,0
Shelcal,The medicines are original. People can rely on you,0
Shelcal,Discount was less than available in the market,0
Shelcal,Optimal priced. good supplement ,0
Shelcal,Bought as advised by the doctor,1
Shelcal,Display rate was higher than MRP.. ,0
Shelcal,We needed more discount.,0
Shelcal,Good source of Calcium and Vitamin D3,1
Shelcal,Discount is very less,0
Shelcal,Rated good to treat calcium and vitamin deficiency. ,1
Shelcal,Best for calcium intake ,1
Shelcal,Feeling comfortable in joints,1
Shelcal,Item is good and packed very well,0
Shelcal,Good as calcium supplement,1
Shelcal,Calcium supplements are most post menopausal,1
Shelcal,Star product of company,0
Shelcal,Quick delivery of medicine is very much appreciated,0
Shelcal,Same as my previous reply,0
Shelcal,THE EXPIRY DATE WAS NOT CHECKED BEFORE PACKING,0
Shelcal,I purchased it was 15 tablet strip not up to the mark seems duplicate not controlling sugar legal,0
Shelcal,Discount Is Good ,0
Shelcal,It is affective medicine,0
Shelcal,"The whole action from your end,",0
Shelcal,Nice packing and good tablet for my health,0
Shelcal,Indiaâ€™s best calcium with vitamin D tab,1
Shelcal,liked packing and delivery. ,0
Shelcal,Problem regarding the delivery,0
Shelcal,The ambiance of the strip was good not old or tampered,0
Shelcal,Discount n ease of shopping online,0
Shelcal,Recommended by Doctor at Sunshine Hospital.,0
Shelcal,Advised by doctors to make up calcium intake for strong bones specially for elderly. ,1
Supradyn,No medicines available with other medicines but send as it was available,0
Supradyn,Very cost effective and adequate combination of essential vitamin's and minerals.,1
Supradyn,GOOD DISCOUNT AND FAST SHIPPING,0
Supradyn,i didn't purchase this. Why are you adding incorrect medicnes to my list. Is your data compromised?,0
Supradyn,Excellent and good service ,0
Supradyn,Gives energy as it contains Vitamin B,1
Supradyn,Tablets delivered in excellent condition. good quality product. Thanks ,0
Supradyn,Supradyn Tablet being multi vitamin and multi mineral tablet is good for health and some improvement may be done by adding some traces of selenium and other essentials.,1
Supradyn,My wife takes supradyn tablet as vitamin supplement,1
Supradyn,As good as it is supposed to be.,1
Supradyn,Its a good product with affordable price,1
Supradyn,It is a cheaper & good multi-vitamin.,1
Supradyn,"It's a good combination,but sometimes the tab turns to be sticky",1
Supradyn,Value for money and effective,0
Supradyn,I like it it helps in curing and reducing pain,1
Supradyn,It is good and improve my health,1
Supradyn,Tihis is dummy products ,0
Supradyn,Just ok as per price ,0
Supradyn,its a value medincine and cheap in alternatives of vitamin tablet.,1
Supradyn,Excellent Multi vitamin tablet,0
Supradyn,I feel very energetic and relaxing,1
Supradyn,I haven't received free items displayed during my checkout,0
Supradyn,doc said its best so bought it,0
Supradyn,Very nice product and very effective.,0
Supradyn,I like it's composition and very reasonable price,0
Supradyn,Felt a little lesser sweet as compared to pharmacy from the stores but was nice as price is also descent for ,1
Supradyn,"Order 2-3 items and without my concern, you have cancelled based on your comfortable. Have you provided any coupon for the token of apologize? Secondly who asked you to supply the balance and the entire order to be cancelled instead of part is totally not acceptable.",0
Supradyn,Using it for last few years.Good product,0
Supradyn,Service slow but good,0
Supradyn,Got some allergy after taking this tablet.,0
Supradyn,"Omega 3, and some protein should be",0
Supradyn,Din't get PayPal cashback,0
Supradyn,Very reasonably priced. Product from a reputed pharma co. ,0
Supradyn,Okay as a Daily vit supplement,0
Supradyn,Couldn't get the results,0
Supradyn,Great multivitamin at low cost,1
Supradyn,So-so product. Would not recommend to anyone.,0
Supradyn,good results & value for money,0
Supradyn,STIPS DAMAGED DUE TO FRICTION AND NOT NEATLY PACKED,0
Supradyn,"Tablet is good , its size is small easy to swallow. After consuming the tablet I didn't feel giddiness and was active throughout the day and  no side effects .",1
Supradyn,5 useful multivitamin,0
Supradyn,bby ek kisi do na,0
Supradyn,I have been using it since many years and found it workable.,1
Supradyn,Cheap and Good multivitamin,1
Supradyn,Few tablets were nacked,0
Supradyn,You cancelled part item and my whole cash back got spoiled,0
Supradyn,This is good supplement. ,0
Supradyn,The colour of the urine after intake!,0
Supradyn,No discount and shipping charges,0
Supradyn,My favourite tablets ,0
Supradyn,Yet to use n test in bed,0
Supradyn,Speedy  delivery ,0
Supradyn,Nice and very low price ,0
Supradyn,QUICK RESPONSE AND FAST DELIVERY,0
Supradyn,I take it more for it's trace minerals and it's extremely low price.it has proved to be a good vitamin supplement.,1
Supradyn,"Fair price, firm packing, nice contents",0
Supradyn,A good value for money for vitamin supplement !,1
Supradyn,Like the fast and undamaged delivery of the strips,0
Supradyn,"1. painful review reminders .. pls stop it after you ask once .. 2. Update your stock properly, dont make a person pay the money and then refund it after 2 days, that is plain stealing peoples interest. A good web based service should not always have the right stock displayed and not miss lead people.",0
Supradyn,Great composition in minimal price,0
Supradyn,Total discounts not given,0
Supradyn,Like.It is a good prophylactic vitamins  product.,1
Supradyn,Best  vitamin tablets,0
Supradyn,Good multi vitamin ,0
Supradyn,It was very helpful to be active,1
Supradyn,It is good but have to take 2 if you workout else go for a single tab with breakfast and drink at least 4 lts water per day,1
Supradyn,Nothing for dislike ,0
Supradyn,Trace Eliments are essentials for every human being but most of the times neither those essential elemints are not available in our drinking water( due to high filteration) nor in our daily foods .The combination is Excellent ! ,0
Supradyn,BECAUSE I HAVE NOT PURCHASED ,0
Supradyn,We can't find some product,0
Supradyn,Could search the tablet faster ,0
Supradyn,It's an effective supplement. I have been taking it since years,0
Supradyn,I would like more if the tablet would be in capsule form and the covering would have been better than this. ,1
SevenseascodLiverOil,Got the missing ingredients in my body. Feeling better after taking it,1
SevenseascodLiverOil,It was a good for kids immunity.,1
SevenseascodLiverOil,"I like product. But, don't like delivery ",0
SevenseascodLiverOil,Prompt delivery at reduced cost,0
SevenseascodLiverOil,Best quality products ,0
SevenseascodLiverOil,The condition in which it was delivered was worst,0
SevenseascodLiverOil,"Delivery was bit delayed, delivery was made through different courier and timely update was not available.",0
SevenseascodLiverOil,Timely delivery and discounts,0
SevenseascodLiverOil,good package decent price,0
SevenseascodLiverOil,Trusted remedy for health. Used for many years.,1
SevenseascodLiverOil,easy and best deal,0
SevenseascodLiverOil,It is a good supplement,1
SevenseascodLiverOil,Nice bottling.. Not sure whether it would help or not... ,0
SevenseascodLiverOil,Good packing and product was delivered before time.I liked the service a lot.,0
SevenseascodLiverOil,"Exciting discount, prompt delivery ",0
SevenseascodLiverOil,It's best for improvement of immune system,1
SevenseascodLiverOil,Excellent response. Perfect delivery.,0
SevenseascodLiverOil,Have used it earlier but results are very late may be its purity not same as earlier ,1
SevenseascodLiverOil,Good in nutrition content and good for health,1
SevenseascodLiverOil,Discounted price /Fresh product,0
SevenseascodLiverOil,I have already used it before,0
SevenseascodLiverOil,Price n packing (Big package more savings),0
SevenseascodLiverOil,It is original ,0
SevenseascodLiverOil,The product was good with long expire,0
SevenseascodLiverOil,Good for eye and memory as vitamin,1
SevenseascodLiverOil,Glucosamine Tablets are cancelled ,0
SevenseascodLiverOil,Original item. Sold without any discount at MRP,0
SevenseascodLiverOil,Better than any other product claiming to improve immunity,0
SevenseascodLiverOil,5 liked the product very much,1
SevenseascodLiverOil,4. Promptness and price,0
SevenseascodLiverOil,Not feeling Any difference,0
SevenseascodLiverOil,Discount & fast delivery ,0
SevenseascodLiverOil,QUALITY IS GOOD AND PRIZE IS LOW,1
SevenseascodLiverOil,Packaging of the product and timely delivery,0
SevenseascodLiverOil,it should come back in glass jar.... ,0
SevenseascodLiverOil,Quality is good. Packing forwarding OK ,0
SevenseascodLiverOil,"packing, delivery was all smooth & convenient.",0
SevenseascodLiverOil,It's a trusted products from my childhood days ,1
SevenseascodLiverOil,No major change after taking these tablets,0
SevenseascodLiverOil,The packing is same for years. I could relate to product from the memowy down the years,0
SevenseascodLiverOil,Like but    less discount,0
SevenseascodLiverOil,Good one. seen improvements.,1
SevenseascodLiverOil,Good & effective product for the given low price.,0
SevenseascodLiverOil,"This cod lever capsules should be kept in below 10Â°C, you should see that it should be kept in a ice box, during delivery.",0
SevenseascodLiverOil,Seams original cod liver oil,0
SevenseascodLiverOil,Package quantity is not good,0
SevenseascodLiverOil,You are gang of thief,0
SevenseascodLiverOil,Bottle packing quality very bad,0
SevenseascodLiverOil,Cheaper on amazon ,0
SevenseascodLiverOil,Delievery and Product quality ,0
SevenseascodLiverOil,Caused problems for health ,0
SevenseascodLiverOil,Difficult to open bottle lid as it's not proper. Not sure if this one is a duplicate product too.,0
SevenseascodLiverOil,Product and timely delivery ,0
SevenseascodLiverOil,"Good product, secure packaging, value for money.",0
SevenseascodLiverOil,Ordered 500 Tabs and Got the Delivery for 100 Tabs.,0
SevenseascodLiverOil,Bottle cap is free,0
SevenseascodLiverOil,It was packed very carefully and delivered with in time,0
SevenseascodLiverOil,I am not a doctor,0
SevenseascodLiverOil,But I got this product very late ...,0
SevenseascodLiverOil,I have ordered senses but i feel like that the product is not in original,0
SevenseascodLiverOil,"Dislike , original hologram (logo) not match original product.",0
SevenseascodLiverOil,Colour like a gold due,0
SevenseascodLiverOil,Genuine quality at very best price,0
SevenseascodLiverOil,Delivery time is much,0
SevenseascodLiverOil,It's good for health.,1
SevenseascodLiverOil,i like it and its good in results..,1
SevenseascodLiverOil,It's really helpful and safe.,1
SevenseascodLiverOil,Good for immunity system .Every body should take it. No boundation for Male/Female anybody can take it. ,1
SevenseascodLiverOil,Packing... Delivery... Discount ,0
SevenseascodLiverOil,At least online available,0
SevenseascodLiverOil,It's only 15 days but I do feel energetic and good.. so it's a thumbs up for me..,1
SevenseascodLiverOil,It's too early ,0
SevenseascodLiverOil,Delivery time is late,0
SevenseascodLiverOil,AGAIN results are good ,1
SevenseascodLiverOil,Very much like.. Recommended for enhancing immunity of everyone...Must buy again,1
SevenseascodLiverOil,Good source of omega 3 fatty acid,1
SevenseascodLiverOil,I liked the product,0
SevenseascodLiverOil,Omega 3 is best in winter,0
SevenseascodLiverOil,All is ok but I couldn't get discount on seven seas cod lever oil cc capsules,0
SevenseascodLiverOil,It's good for hair fall,1
SevenseascodLiverOil,excellent for vitamin deficiency. good jelly capsules,1
SevenseascodLiverOil,Not satisfied because goods are delivered on parts .,0
Evion,Don't want to say,0
Evion,Very fast delivery thanks,0
Evion,my need fulfil in shorttime,0
Evion,Like...  Fast courier service...  ,0
Evion,Nice packing and genuine product,0
Evion,Easy to use with low price,0
Evion,It has whitening qualities for the skin,1
Evion,data compromized. no purchase done,0
Evion,Prescribed to me for treating fatty liver,1
Evion,Nothing to dislike. The products arrived next working day.,0
Evion,delivery was not on time,0
Evion,Delivery service and better expiry date,0
Evion,Amazing result in evion 400,1
Evion,It is good for skin,1
Evion,Good for hair and face and body,1
Evion,It's good for vitamin E,1
Evion,Cheapest & Effective ,0
Evion,Delivery of medicines was expected on same day as the order was placed well in time,0
Evion,Excellent capsule for Vitamin E,1
Evion,In one strip 2 tablets were not there.. it was empty,0
Evion,It needed more articles or reasearch on Vitamin E,0
Evion,It does what it claims.,0
Evion,I LIKE COST AND DELIVERY,0
Evion,Offers r not gud,0
Evion,the capsule is too messy to handle,0
Evion,So nice best result with best discount ,0
Evion,it is not available regularly ,0
Evion,"Delivery could be little faster, otherwise okay",0
Evion,It was delivered in a secured way,0
Evion,It seems to be helpful.,0
Evion,i like this product,0
Evion,I like wat i ordered ....exactly i got on rime,0
Evion,Feeling better than before,1
Evion,please change your courier services rest all is great,0
Evion,I liked it coz my Doctor prescribed me...ðŸ˜…,0
Evion,I dislike the less rate of discount. ,0
Evion,This is good capsule,1
Evion,It is effective product.,0
Evion,It fulfills need of vitamin e,1
Evion,Delay in Delivery and absence of updated communication,0
Evion,It'sa vitamin E supplement. It requires nothing more.,0
Evion,"Evion 400 is an affordable medicine for nocturnal cramps of lower limbs,, & general nervous weakness.",1
Evion,Perfect vit e tablet,0
Evion,Delivery schedule was not kept up.,0
Evion,Later on after using.,0
Evion,Great for skin and nerves,1
Evion,Good - to be taken with fat ,1
Evion,Nice as expected ,0
Evion,I take it as a Vit E supplement.  Thats it,0
Evion,It was good. Bt i find it cheaper in local medical shop. ,0
Evion,good Source of vitamin E,1
Evion,It's a good and effective capsule especially for maintaining a glowing skin and hair. Very satisfied with its immediate effect ,1
Evion,Like the delivery and packing,0
Evion,Not so good not so bad. ,0
Evion,Delivery and price i like in it,0
Evion,Fast shipping with billing print out with free shample,0
Evion,Capsules are hard coat compare to the normal strips in the market.....is it stocks out sales,0
Evion,Very useful anf value for money,1
Evion,Product was delivered very late to me,0
Evion,Unable to confirm the order,0
Evion,Capsule is available in less price in market.,0
Evion,"Sorry, this is my last order",0
Evion,Good tablet for PMS relief but paraben is a cause of concern.,1
Evion,delivery was not on time,0
Evion,just fine- not sure if this is a duplicate product,0
Evion,Cheap and great quality,0
Evion,Wonderful caps for my hair,1
Evion,Capsule is very useful ,0
Evion,BEST SERVICE BY VENDOR AND VERY FAST SERVICE ,0
Evion,Using it for many years. Gives a comfortable feeling,0
Evion,Well it is meant for what it's meant,0
Evion,we dont know as per doctor prescription we are taking that is all. yo tell me what changes it willbring i  the body?,0
Evion,Its good that evion has 2 variants 400mg and 600mg,0
Evion,"another experiment , never completed",0
Evion,Good and really useful for skin and hair ,1
Evion,All the tablets have very bad smell.,0
Evion,Because of your poor service for delivery.,0
Evion,IT WAS GOOD TO BUY MEDICINE FROM YOU,0
Evion,Vitamin e need a body &face,1
Evion,I am agree pl send on cod,0
Evion,Delivery is fast but some medicines have discount prices only,0
Evion,I like the 600gms better,0
Evion,It was normal delivery,0
Evion,Quick delivery and the packing.,0
Evion,Its good vit E capsule. I use it with my hair oil.,1
Evion,Quickness of delivery ,0
Evion,Good for hair ... regularly using...,1
Evion,its  very  effective  ,0
Evion,Good  tabiat ,0
Evion,Good for vitamin e.,1
Evion,Good for dry skin.,1
Evion,Very good for skin and hairs. ,1
Evion,pL keep it up.,0
Evion,Vitamin e used for hair and skin,1
Evion,"Thanks,It helps my hair grow again.",1
Evion,Hasn't helped much with my hair fall problem,1
Evion,Cancelling of partial order by the merchant after full payment as calculation of partial payment refund and there by follow up is a total headache,0
Evion,I like your fast delivery but I dislikes that you don't have facilities for arranging a doctor for prescription,0
Evion,Packing... Early Delivery... Discount ,0
Evion,It is best for hair and skin.,1
Evion,Super platform to get genuine medicine,0
Evion,Using it regularly as a vitamin e requirement,0
Evion,It's very useful and very good,1
Evion,Need long time to c effect,0
Evion,Must buy for any use,0
Evion,This drug is effective in peripheral nurological pain & noctarnal leg clump.,1
Evion,No side effects ,0
Evion,Packing not sufficient ,0
Evion,i like the service,0
Evion,"Its not about the medicine, its really good its about too much delayed delivery for which i had to buy all the medicine from outside so it was a lost of money for me",0
Evion,packing and delivery on time...shipping charges are high,0
Evion,"Evion 400mg is Vitamin E supplement, to be taken in the morning once daily after breakfast as directed/ rescribed by General Practioner",1
Evion,"cost is less than your service charge and same man delivered other medicines also only 2 PO made,  than you should consider to wave off and same you did after informing you, which should be done earlier to combine both PO of same day and wave off charges.",0
Evion,Very good for liver and skin,1
Evion,this medicine has been prescribed by doctor and giving the desired result of improvement.,0
Evion,Liked very much ,0
Evion,good packaging and prompt service.,0
Evion,Price more then MRP written on strip,0
Evion,Medicine ok Service is hard to Without serviceCharge,0
Evion,"I take Vit E for my skin, hair n nails since a long time. ",0
Evion,Prescription not accepted for whole order,0
Evion,Discount on this product,0
Neurobion,Great ðŸš´ðŸ’¨services,0
Neurobion,Very effective,0
Neurobion,I ordered for my mother,0
Neurobion,The packing,0
Neurobion,delivery is not upto mark,0
Neurobion,"Cannot remember rhis medicine,  rated arbitrarily",0
Neurobion,Good product,0
Neurobion,Very good for nurbous system,1
Neurobion,Package well,0
Neurobion,Affordable product,0
Neurobion,Excellent service,0
Neurobion,Gud source of b12,0
Neurobion,Delivery should be speed,0
Neurobion,Nothing is mention,0
Neurobion,Excellent in nerves problems.,0
Neurobion,Nice Supplement .,0
Neurobion,Results awaited,0
Neurobion,Not as per request,0
Neurobion,"Using the product, but still I could find the fruitful results. ",0
Neurobion,Good  product,0
Neurobion,Nice effects,0
Neurobion,Nice results,0
Neurobion,No problem at all. Everything was excellent.,1
Neurobion,Good effect with no side effects,1
Neurobion,Good medicine to use when you have sudden current type feelings.,1
Neurobion,Very good for nerves strength,1
Neurobion,Good one,0
Neurobion,Bifurcation of order given,0
Neurobion,better composition in this price,1
Neurobion,Good supplement,0
Neurobion,It gives strength to veins,0
Neurobion,Delivery,0
Neurobion,Good medicine for vitamin B,1
Neurobion,OK. Nice,0
Neurobion,It was delivered intime,0
Neurobion,All ok,0
Neurobion,It's good,0
Neurobion,Everything was prefect,0
Neurobion,overall good with price,0
Neurobion,Good packing and expiry date,0
Neurobion,Good Bcomplex tablet with b12,1
Neurobion,They are useful,0
Neurobion,Prompt,0
Neurobion,best in its class.,1
Neurobion,Till now I didn't dislike anything,1
Neurobion,Like,0
Neurobion,overall good experience and  this is one of the best medicine for me and works well over me. thanks,1
Neurobion,It's good,0
Neurobion,Increases the nerves strength,0
Neurobion,Slow result. Take it for long time,0
Neurobion,Good bit tabs,0
Neurobion,Best price good results...,0
Neurobion,Good service,0
Neurobion,The product meets our requirements.,0
Neurobion,It is Ok,0
Neurobion,No disoijes,0
Neurobion,"good packaging but a bit slower delivery, considering it was really near my address. ",0
Neurobion,Not delivered.,0
Neurobion,Very fine working in my bowl.Just I am eating more.digestion is good and i have some brisk.i happy to continue some months.Cost is very cheap.Lot of Thanks to Merkpharma and their mankind of services.,0
Neurobion,Effective for my mother,1
Neurobion,Best B-complex at compatible price..,1
Neurobion,packaging and quality.,0
Neurobion,The delivery boy said the phone number was not available to call. Packing has to be done appropriately. He threatened not to deliver next time if it happens.,0
Neurobion,Vitamin supplement at affordable price.,1
Neurobion,Good vitamin,0
Neurobion,Prompt same day delivery,0
Neurobion,Timed delivery,0
Neurobion,Time required for is too much for customer care support,0
Neurobion,"It is a prescribed medicine, what is there to like or dislike in that!!???",1
Neurobion,NO DISLIKE. ONLY LIKE,0
Neurobion,Good results,0
Neurobion,Good,0
Neurobion,Best in help of Bcomplex bone and mussel problem,1
Neurobion,Everything is amazing,1
Neurobion,I like,0
Neurobion,Every thing was great,0
Neurobion,Nurobian tablet,0
Neurobion,Really it works,0
Neurobion,B complex product withb12 at a very reasonable price,1
Neurobion,It is helpful.,0
Neurobion,NERVE AILMENT IS RECTIFIED BY USE OF THIS  POPULAR MEDICINE,1
Neurobion,Best for neural problems,1
Neurobion,Like,0
Neurobion,Not that effective,1
Neurobion,I like this tablet very much,1
Neurobion,Good price and quick delivery,0
Neurobion,This is also  prescribed by my doctor,1
Neurobion,good product.,0
Neurobion,Timely delivery,0
Neurobion,Extremely fast supply.just the same day.,0
Neurobion,It's a good product.,0
Neurobion,Excellent result,0
Neurobion,Awesome,0
Neurobion,Don't have any test,0
Neurobion,Good packaging,0
Neurobion,best medicine for nerves,0
Neurobion,Its good,0
Neurobion,It is worth recommended to other also to compensate deficiency of B vitamins.,1
Neurobion,One of the better vitamin B-complex tablet with B-12.Very effective,1
Neurobion,Delivery charges,0
Neurobion,Original product at great discounts.,0
Neurobion,Good,0
Neurobion,You failed to deliver medicine twice and without any talk with me you have cancelled my two orders.,0
Neurobion,A regular purchaser,1
Neurobion,Nice follow up from customer care,0
Neurobion,Already replied,0
Neurobion,Timely Delivered,0
Neurobion,I don't know it work or what .,1
Neurobion,Results in 35-40 days...In back pain and tastelessnees.,0
Neurobion,Very nice tab,0
Neurobion,Transit time,0
Neurobion,Product delivery is late,0
Neurobion,Good ... discounts for all medicines should be more with no delivery charge for orders > 100,0
Neurobion,Dtripifficult to rmove tablets from s,1
Neurobion,"Good, but after making order I realized that my mobile no mistakenly typed wrong and I requested you to correct but you didn't and due to this I and courier service person got too much trouble.",0
Neurobion,Great,0
Neurobion,Delivery and information available on website,0
Neurobion,Nothing particular,0
Neurobion,medicine is long lasting expire date,0
Neurobion,Itâ€™s prompt delivery,0
Neurobion,Very useful  for me.,1
Neurobion,NOT USE FULL,1
Neurobion,à¤…à¤šà¥à¤›à¤¾ à¤¹à¥ˆ,0
Neurobion,Timely delivery,0
Neurobion,Good for nerve,1
Neurobion,Good tablet,0
Neurobion,Speedy Delivery,0
Neurobion,Prompt deliveryâ€™s,0
Neurobion,Good value for money,1
Neurobion,Genuine and good pricing,0
Neurobion,good results,0
Neurobion,helpful in gaining strength,1
Neurobion,Small in size,1
Neurobion,Very good,0
Neurobion,It is good for nerves,1
Neurobion,Good and delivered on time,0
Neurobion,It's gud it has vit B 12,1
Neurobion,Have been using it for more than 35 years with out any problems,1
Neurobion,Given strength,0
Neurobion,All good,0
Neurobion,I purchase tables monthly once. But the discount refund in the wallet is expiring before a month. What is the use of giving discount refund?,0
Neurobion,timely delivery and updates,0
Neurobion,Good vitamin tablets,1
Neurobion,Excellent,0
Neurobion,CHEAP N BEST,1
Neurobion,delivered in time with good discount,0
Neurobion,Good for nerve problem,1
Neurobion,Good,0
Neurobion,Everything was good,1
Neurobion,A good company tab,1
Neurobion,It is good for Nevas in body,1
Neurobion,I dislike delivery time,0
Neurobion,Good product,0
Neurobion,like it,0
Neurobion,good one,0
Neurobion,Liked it Good,1
Neurobion,Good vitamin supplement,0
Neurobion,benefits are visible!,1
Neurobion,Very good,0
Neurobion,No 1,0
Neurobion,Good one,0
Neurobion,Good effective medicine,0
Neurobion,good multivitamin,0
Neurobion,Useful,0
Neurobion,I have been taking Neurobion Forte tablets (one a day) for many years. It helps in maintaining health and vitality. It has no side effects.,1
Neurobion,No prescription needed,0
Neurobion,Packing should have been a bit strong,0
Neurobion,Does the job,0
Neurobion,Used for my musels,1
Neurobion,Late Delivery and pattern of split one order in two,0
Neurobion,Nothing great,0
Neurobion,Amazon has better quality for products,0
Neurobion,Two tablets were exposed as their seals were punctured,1
Neurobion,All good,0
Neurobion,cost & utility unmatched,0
Neurobion,Prompt delivery,0
Neurobion,It is a good vitamin substitute. And effective and cheap.,1
Neurobion,Didn't get delivery,0
Neurobion,Easy to swallow,1
Neurobion,Not like,0
Neurobion,Best multivitamin,0
Neurobion,Packing is nice,0
Neurobion,just gud,0
Neurobion,Medicine not available in stock in required quantity,0
Neurobion,U should give discount on that also,0
Neurobion,value for money,1
Neurobion,ok ok product..,1
Neurobion,Effective.Fairly priced,0
Neurobion,A good multivitamin supplement.,1
Neurobion,The way of packing is good thank you,0
Neurobion,Very useful with chiefest cost,1
Neurobion,Nice,0
Neurobion,It is good vitamin (3V) tablet,1
Neurobion,No work,0
Neurobion,"Good, ",0
Neurobion,Fast delivery,0
Neurobion,I have been prescribed by my doctor for general weakness. I feel better,1
Neurobion,Don't bug my notifications,0
Neurobion,it helps me in sciatica pain,1
Neurobion,good. To be taken as per Dr advice,0
Neurobion,effective medicine,0
Neurobion,Nice packing,0
Neurobion,Good one,0
Neurobion,Its good.,0
Neurobion,Do u mean the effects ?,0
Neurobion,Not sure if it works,1
Neurobion,Medicine keeps whole day active and no tiredness.,1
Neurobion,The tablet is very harmful,1
Neurobion,Well packed.,0
Neurobion,It is a very good medicine,1
Neurobion,Good vitamins tab,1
Neurobion,Best Quality,0
Neurobion,Good for weakness,1
Neurobion,Essentially necessary,0
Neurobion,It seems that it is substandard,1
Neurobion,Fast delivery,0
Neurobion,Great for most neurological issue.,1
Neurobion,Liked it very much.,1
Neurobion,This Tablet was cause of vomitting sorry,1
Neurobion,Excellent,0
Neurobion,Good tablet for nerve disorder,1
Neurobion,genuine,0
Neurobion,Very useful,0
Neurobion,Very effective,0
Neurobion,Excellent product,0
Neurobion,all right,0
Neurobion,Cheap and effective,0
Neurobion,It is good,0
Neurobion,Cheap and best,1
Neurobion,can't say anything,0
Neurobion,It's good for helth.,1
Neurobion,Very nice response,1
Neurobion,This is for D vitamin defeciency,1
Neurobion,Low cost,0
Neurobion,Prompt Avaliability,0
Neurobion,excellant vitamin tablet at lowest pric!e. Value for money !,1
Neurobion,Good,0
Neurobion,Good for health,1
Neurobion,MotherFucker I dont want anything,1
Neurobion,Not dislike but could not judge how much it is beneficial,0
Neurobion,Good for health,1
Neurobion,Keep fresh,0
Neurobion,Good service,0
Neurobion,Its a vitamin tablet!,1
Neurobion,Good,0
Neurobion,Good medicine for nerves,1
Neurobion,It is helpful,1
Neurobion,Good medicine very effective.,1
Neurobion,Easy availability,0
Neurobion,Packing good,0
Neurobion,Good vitamin tab,1
Neurobion,Not in response,1
Neurobion,Quick delivery,0
Neurobion,Amazing work,0
Neurobion,Using as per Docter advise,0
Neurobion,It is a good broad spectrum medicine for occassional use.,1
Neurobion,Excellent quality,0
Neurobion,Useful,0
Neurobion,Vary nice,0
Neurobion,No discount. I got. I got Usually 15 % from my chemist,0
Neurobion,All the medicines were charged at MRP. No discount was given,0
Neurobion,dislike -- reason smell,1
Neurobion,Liked,0
Neurobion,Nothing,0
Neurobion,It soothes aching nerves,1
Neurobion,all is good but need to be work on portal offers.,1
Neurobion,ðŸ˜•ðŸ¤”ðŸ˜•ðŸ¤£ðŸ˜•ðŸ¤£ðŸ˜¢ðŸ˜¨ðŸ˜”ðŸ˜­ðŸ˜ƒðŸ˜ðŸ˜£ðŸ˜¨ðŸ˜ðŸ¤¦â€â™‚ï¸ðŸ˜¨â˜ºðŸ˜£ðŸ˜”ðŸ˜¨ðŸ˜›ðŸ¤¦â€â™‚ï¸ðŸ˜¢â˜ºðŸ‘ðŸ™ˆðŸ˜¨ðŸ˜•ðŸ˜”ðŸ˜ŠðŸ˜¢ðŸ˜•ðŸ˜”ðŸ™ˆðŸ˜¨ðŸ˜£ðŸ¤¦â€â™‚ï¸ðŸ‘ðŸ˜ðŸ¤¦â€â™‚ï¸ðŸ™ˆðŸ˜ðŸ¤¦â€â™‚ï¸ðŸ˜‚ðŸ˜•ðŸ˜”ðŸ˜ŠðŸ˜¨ðŸ‘ðŸ˜‚ðŸ˜¢ðŸ‘ðŸ˜‚ðŸ™ˆðŸ˜¢ðŸ‘ðŸ˜‚ðŸ˜­ðŸ‘ðŸ˜‚ðŸ˜­ðŸ˜•ðŸ™ˆðŸ‘ðŸ˜•ðŸ˜‚â˜ºðŸ˜•ðŸ˜‚ðŸ˜‚ðŸ˜£ðŸ˜‚ðŸ˜•ðŸ‘ðŸ˜¢ðŸ˜•ðŸ¤¦â€â™‚ï¸ðŸ˜‚ðŸ˜¢ðŸ¤”ðŸ™ˆðŸ˜•ðŸ¤¦â€â™‚ï¸ðŸ™ˆðŸ˜¢ðŸ¤”ðŸ˜‚ðŸ¤¦â€â™‚ï¸ðŸ™ˆðŸ¤”ðŸ˜”ðŸ˜£ðŸ˜£ðŸ‘†ðŸ™ˆðŸ¤”ðŸ˜”ðŸ˜•ðŸ˜•ðŸ˜¨ðŸ¤£ðŸ˜”ðŸ˜•ðŸ™ˆðŸ˜ŠðŸ˜¨ðŸ˜£ðŸ˜£ðŸ™ˆðŸ˜ŠðŸ˜•ðŸ˜‚ðŸ¤”ðŸ˜•ðŸ˜¢ðŸ¤”ðŸ‘ðŸ¤£ðŸ˜¨ðŸ˜•ðŸ˜­ðŸ˜¨ðŸ˜•ðŸ˜­ðŸ˜¨ðŸ˜•ðŸ˜­ðŸ˜•ðŸ‘ðŸ˜­ðŸ˜•ðŸ˜•ðŸ¤£ðŸ‘ðŸ˜ðŸ˜­ðŸ‘ðŸ‘ðŸ˜­ðŸ˜•ðŸ˜£ðŸ™ˆðŸ˜•ðŸ˜£ðŸ˜¢ðŸ˜£ðŸ˜£ðŸ˜¨ðŸ˜£ðŸ˜›ðŸ˜¨ðŸ˜­ðŸ˜£ðŸ˜¢ðŸ˜­ðŸ˜¨ðŸ˜›ðŸ˜¨ðŸ¤£ðŸ˜¢ðŸ˜¨ðŸ˜‚ðŸ˜ŠðŸ¤”ðŸ˜ŠðŸ™ˆðŸ™ˆðŸ™ˆðŸ˜­ðŸ‚ðŸŽðŸ·ðŸŽðŸ‚ðŸˆðŸ±ðŸ®ðŸ¦“ðŸ±ðŸ„ðŸ¦ŒðŸ¦”ðŸŒ¹ðŸ¥€âš˜ðŸŒ¸ðŸµðŸŒ²ðŸŒ·ðŸŒ¸âš˜ðŸŒ±ðŸ¥”ðŸ‘ðŸ“ðŸ†ðŸ¥ðŸðŸ¥‘ðŸ¥•ðŸ†ðŸðŸ¥ðŸ“ðŸ¥”ðŸ¥ðŸ†ðŸ¥”ðŸ¥‘ðŸ¥ðŸ¥ðŸ¥ðŸ’ðŸ¥”ðŸ¥‘ðŸ¥ðŸðŸðŸ¥‘ðŸ¥”ðŸðŸðŸ¥‘ðŸ¥”ðŸ¥”ðŸ¥”ðŸ†ðŸðŸðŸ“ðŸ‡ðŸ¥•ðŸðŸ“ðŸðŸ“ðŸðŸ¥”ðŸðŸðŸ¥”ðŸðŸ¥”ðŸ¥”ðŸðŸ¥”ðŸ¥‘ðŸ“ðŸðŸ“ðŸ¥ðŸ“ðŸ¥‘ðŸ“ðŸ¥‘ðŸ“ðŸ¥‘ðŸ¥•ðŸðŸ¥•ðŸðŸ“ðŸ‡ðŸ‘ðŸˆðŸ¥‘ðŸ‡ðŸ¥‘ðŸðŸðŸ¥‘ðŸ“ðŸðŸ“ðŸ‡ðŸ†ðŸŽðŸ¥”ðŸ¥ðŸ“ðŸðŸ’ðŸ‡ðŸ“ðŸ¥‘ðŸŒðŸðŸ†ðŸ¥ðŸ†ðŸ¥ðŸ†ðŸðŸ“ðŸ¥‘ðŸ“ðŸŽðŸ„ðŸ¥ðŸ’ðŸ¥¥ðŸ’ðŸ¥ðŸ¥”ðŸ¥¦ðŸ“ðŸ†ðŸ…ðŸðŸ¥”ðŸ¥ðŸ¥•ðŸ¥‘ðŸ“ðŸðŸ¥”ðŸ¥ðŸ¥”ðŸ¥ðŸ“ðŸ¥˜ðŸ¥™ðŸ¥˜ðŸŒ®ðŸ•ðŸŒ®ðŸ•ðŸŒ¯ðŸ¥˜ðŸ¥šðŸ¥©ðŸ¥“ðŸ–ðŸŒ¯ðŸ¥˜ðŸŸðŸŒ­ðŸ¥“ðŸ³ðŸ¥“ðŸ¥ªðŸ¥šðŸ–ðŸ—ðŸ•ðŸ¥™ðŸŒ­ðŸ”ðŸŒ­ðŸ¿ðŸŒ­ðŸ¥™ðŸŒï¸â€â™‚ï¸ðŸ¥‹ðŸ“ðŸŽ³ðŸ“ðŸðŸ“ðŸ¥…ðŸŒï¸â€â™‚ï¸ðŸ¥ŠðŸŒï¸â€â™‚ï¸ðŸŽ³â›³ðŸâ›³    ðŸ¤¼â€â™€ï¸ðŸðŸ¤¼â€â™€ï¸ðŸ¤¸â€â™‚ï¸ðŸ¤¼â€â™€ï¸ðŸ¤¾â€â™€ï¸ðŸ¤¼â€â™‚ï¸ðŸŽðŸ¤¹â€â™‚ï¸ðŸ¤ºðŸ¤¼â€â™€ï¸ðŸŽðŸ¤¼â€â™‚ï¸       ðŸŽ³ðŸ¸ðŸ¥…ðŸ¸ðŸ¥‹ðŸŒï¸â€â™‚ï¸ðŸŽ¿ðŸšðŸ›ðŸðŸ£ðŸ™ðŸŒ‹ðŸœðŸ›ðŸ         ðŸŽ™ðŸŽ¤ðŸŽ¶ðŸŽ§ðŸ“²ðŸŽ¤ðŸŽ¸ðŸ“±ðŸŽ™ðŸŽ§ðŸŽ·ðŸŽ¤ðŸŽ¸ðŸ“»ðŸ“²ðŸŽšðŸŽ§ðŸŽ¸ðŸŽ¼ðŸŽ¸ðŸ“ºðŸ“·ðŸ“½ðŸ“·ðŸ“½ðŸ“·ðŸ“½ðŸ”¬ðŸ“½ðŸ”¬ðŸ“½ðŸ”¬    ðŸŽ¸ðŸ¥ðŸŽ™ðŸŽ¤ðŸŽšðŸŽ§ðŸŽ¸ðŸ¥ðŸ¥ðŸŽ¸ðŸŽ¤â˜Žï¸ðŸŽ¸ðŸŽ»ðŸŽ¸ðŸ“±ðŸŽšðŸŽ¤ðŸŽ¸ðŸŽ¤â˜Žï¸ðŸŽ§ðŸŽ¸ðŸŽ¤ðŸŽ™ðŸŽ¤ðŸŽ¤â˜Žï¸ðŸ“»â˜Žï¸ðŸŽ§ðŸŽ¸ðŸŽ¸ðŸŽ¤ðŸŽ¤â˜Žï¸ðŸŽ¤ðŸŽ¸ðŸŽ¤ðŸŽ¸ðŸŽ¤ðŸŽ¸ðŸŽ§ðŸŽ¸ðŸŽ¸ðŸŽ§ðŸŽ§ðŸŽ¸ðŸŽ¸ðŸŽ§ðŸŽ¸ðŸŽ§ðŸ“»ðŸŽ¸ðŸŽ¸ðŸŽ§ðŸŽ§ðŸŽ¸ðŸŽ§ðŸŽ¸ðŸŽ§ðŸŽ¸ðŸŽ¤ðŸŽ¸ðŸŽ¤â˜Žï¸ðŸŽ§,0
Neurobion,Effect when taken for long duration.,1
Neurobion,Quality & price,1
Neurobion,Excellent product,0
Neurobion,It's a cheap and effective way to strengthen your nerve,1
Neurobion,It keeps an old women of 94yrs going,1
Neurobion,Right from placing the order to being delivered,0
Neurobion,Working very well,1
Neurobion,RS.1.99paise.should have shown  as.credit in my wallet,0
Neurobion,Not Good,0
Neurobion,Quality was amazing,1
Neurobion,Packing & pres4ntation,0
Neurobion,Excellent product,0
Neurobion,Great,0
Neurobion,Perfect n good quality,1
Neurobion,like,0
Neurobion,Nothing changes in my body,1
Neurobion,for vitamin b12,1
Neurobion,This is nice red colour tablet...looks so nice and after I eat I feel it must be doing something nice otherwise why would my doctor tell me to have it daily!! Silt!!,1
Neurobion,PROMPT DELIVERY.,0
Neurobion,Good,0
Neurobion,I regularly use it for improvement of vitamin B,1
Neurobion,Yes liked,0
Neurobion,Almost no discount on OTC products. Pharmeasy & other apps providing atleast 20%discount. Nearby medical stores are providing 15% discount.,0
Neurobion,Nice for vitamin B 12 deficiency,1
Neurobion,Fight infection,0
Neurobion,It works,0
Neurobion,Good for neuralgia.,1
Neurobion,Fresh date,0
Neurobion,Generic and useful,1
Neurobion,All good,0
Neurobion,Excellent,0
Neurobion,Along with this i had initially ordered glycomet for which a prescription was called for. But what i had uploaded was not a'exited as it was issued in 2015. Since this is regular medication for diabetic control age of the prescription should not matter.,0
Neurobion,The rate is very reasonable.,1
Shelcal,Not good service,0
Shelcal,Excellent,0
Shelcal,It works !,1
Shelcal,doctor prescription,0
Shelcal,Good for bines,1
Shelcal,Very useful,0
Shelcal,IT IS HELPFUL TO MY BODY,1
Shelcal,Good,0
Shelcal,No dislike for this med,0
Shelcal,i like it,1
Shelcal,Like,0
Shelcal,effective tool to cope calcium deficiency.,1
Shelcal,good bitamin tab,1
Shelcal,I like,0
Shelcal,instant relive,0
Shelcal,prompt delivery,0
Shelcal,Pretty good,1
Shelcal,Good calcium tablet,1
Shelcal,Why your not providing the whole box with the strips like how we brought from outside,0
Shelcal,Same n cheap,1
Shelcal,Good but costly compared to other varieties of b- complex tabs,1
Shelcal,"Doctor prescribed, so no opinion. ",0
Shelcal,Very poor service and not print ..got my medicine after 2days ..lots of improvement required,0
Shelcal,Print delivery,0
Shelcal,Good job,0
Shelcal,It's a good tablet for women in late 30s and 40s for keeping up with their Vit D and Calcium intake,1
Shelcal,Its smartly packed,0
Shelcal,Correct addressing of issue,1
Shelcal,Really good tablet,1
Shelcal,Delivery goofup was there. However product n packaging were good.,0
Shelcal,Dislike because not effective,1
Shelcal,Very Poor Service,0
Shelcal,I am taking it in good faith expecting it to be genuine. No question to like or dislike it.,0
Shelcal,Quick delivery of medicine is very much appreciated,0
Shelcal,à¤¸à¤¾à¤¹à¤¬ à¤¬à¤¹à¥à¤¤ à¤§à¤¾à¤à¤¸à¥‚ à¤—à¥‹à¤²à¥€ à¤¹à¥ˆ à¤¸à¤¾à¤²à¤¾ à¤®à¥‡à¤°à¤¾ à¤˜à¥à¤Ÿà¤¨à¤¾ à¤–à¤¼à¤°à¤¾à¤¬ à¤¹à¥‹ à¤—à¤¯à¤¾ à¤¥à¤¾ à¤”à¤° à¤…à¤¬ à¤•à¤¾à¤«à¤¼à¥€ à¤ à¥€à¤• à¤²à¤— à¤°à¤¹à¤¾ à¤¹à¥ˆ after taking calcium supplement,0
Shelcal,Good,0
Shelcal,Good calcium supplement,0
Shelcal,Good enuf,0
Shelcal,Good packing prompt delivery,0
Shelcal,Cannot find any efdect. May be effective may be not.,1
Shelcal,No commitment and no fixed delivery schedule,0
Shelcal,I am using since long,1
Shelcal,Prompt delivery,0
Shelcal,I like it.,0
Shelcal,It's good,0
Shelcal,Have to take them whether like or not.,0
Shelcal,Your rate of Becasul and shelcal500 touch high,0
Shelcal,Good one my daughter,0
Shelcal,Could be better,0
Shelcal,Nice packing and good tablet for my health,0
Shelcal,No response,0
Shelcal,Good product,0
Shelcal,Great tablets for bone problems,0
Shelcal,satisfactory as usual shelcal 500 is prescribed by my Doctor is also recorded with you through my prescription.,1
Shelcal,U say 20% discount but not applied on this,0
Shelcal,Nice,0
Shelcal,Satisfactory,0
Shelcal,Delivery speed,0
Shelcal,Nothing Specific,0
Shelcal,Improve the bone strength,1
Shelcal,Discount was less than available in the market,0
Shelcal,Just started taking this tablet 1 month back can't say  anything right now,0
Shelcal,Good calcium supplement. Recommended by most doctors.,1
Shelcal,Discount is not competable,0
Shelcal,Like ...... good,1
Shelcal,Good quality,0
Shelcal,Speed  and ease and discount,0
Shelcal,Good response,0
Shelcal,Its working very good,1
Shelcal,excellent service,0
Shelcal,I dislike die to less discount,0
Shelcal,Everything,0
Shelcal,Ease of finding,1
Shelcal,The medicine is fine but the my other medicine is cancelled by the vendor,0
Shelcal,"i like it,shelcal-500 is very good to improve bone structure,it helps me to my fracture last year,",1
Shelcal,It is really excellent. Everyone can use it.,1
Shelcal,Proper packaging,0
Shelcal,Very late delivery,0
Shelcal,fast service,0
Shelcal,Order canceled,0
Shelcal,No question of like or dislike! Doctor prescribed,0
Shelcal,Yes,0
Shelcal,normal rate,0
Shelcal,Very satisfied,0
Shelcal,I feel itâ€™s effective,1
Shelcal,normal,0
Shelcal,Best purchase,0
Shelcal,this again is a calcium supplement recommended for my wife. She is happy with the tablet.,1
Shelcal,shelcal is always good choice,1
Shelcal,Less Discount,0
Shelcal,I like it,1
Shelcal,Good response,0
Shelcal,It's a gold standard,1
Shelcal,Delivery,0
Shelcal,"Dislike price, like packaging ",0
Shelcal,Good tablets,0
Shelcal,Problem regarding the delivery,0
Shelcal,Shel Al is a standard calcium tablet,1
Shelcal,Satisfactory Service besides some minor negligencies.,0
Shelcal,Delivery date was too late,0
Shelcal,Excellent,0
Shelcal,Came on time without any damage,0
Shelcal,Helps fr old age patients,1
Shelcal,My father and wife have been having this calcium supplement for many years,1
Shelcal,Good tablets,0
Shelcal,Calcium supplement.,0
Shelcal,Mental feeling as  if it is working,1
Shelcal,Best for calcium intake,1
Shelcal,Everything,0
Shelcal,5 Genuine,0
Shelcal,Item is good and packed very well,0
Shelcal,Good product....,0
Shelcal,good service,0
Shelcal,Efficient responsiveness,0
Shelcal,calcium supplement recommended by Drs,1
Shelcal,It's good.,0
Shelcal,Very fast delivery,0
Shelcal,Nothing,0
Shelcal,"SHELLCALL IS TAKEN BYYOU WIFE, BECAUSE SHE HAS SOME PROBLEMS OF CALCIUM DEFICIANCY. SHE FEELS BETTER ON CONSUMING SHELLCAL REGULARLY. FUCK OFF",1
Shelcal,good product,0
Shelcal,"The whole action from your end,",0
Shelcal,As usual packing is in good condition and the delivery date is the same as informed,0
Shelcal,Good,0
Shelcal,"It's effectable,after 40 every women should be use",1
Shelcal,works as expected,0
Shelcal,Regular medicine for my parents. Received in time,0
Shelcal,Bought as advised by the doctor,1
Shelcal,Excellent Calcium supplement,1
Shelcal,It's good tablet for calcium intake,1
Shelcal,Delivery charge iswhy so,0
Shelcal,Best in calcium supplement,1
Shelcal,Product is good for me,1
Shelcal,Nothing special,0
Shelcal,Speedy Delivery,0
Shelcal,To check its effectiveness yet,1
Shelcal,always good substitute for calcium,1
Shelcal,Fast delivery,0
Shelcal,Timely Delivery.,0
Shelcal,Shelcal is the most recommended supplement for calcium,1
Shelcal,Not as much as get benifited like alfa alfa of amway,1
Shelcal,Not as per desire,0
Shelcal,as per the order,0
Shelcal,a little overpriced,0
Shelcal,Delivery speed,0
Shelcal,Good,0
Shelcal,very good,0
Shelcal,Getting in lesser price outside,1
Shelcal,Helps to keep my calcium levels upto date,1
Shelcal,Good medicine for calcium,1
Shelcal,Very useful,0
Shelcal,Dr prescribed it so using it,1
Shelcal,Good packing,0
Shelcal,quick delivery and discount,0
Shelcal,Disount packing,0
Shelcal,We are getting 15% discount for this medicine from local medical Shop,0
Shelcal,Dislike,0
Shelcal,Normal supply,0
Shelcal,Effectiveness.,0
Shelcal,All good,0
Shelcal,Useful for bones,1
Shelcal,IT IS FOR MY WIFE AS PRESCRIBED BY THE DOCTOR. NOTHING TO SAY ABOUT IT,0
Shelcal,Same brand,0
Shelcal,Ok good,0
Shelcal,It works as claimed,1
Shelcal,The manufacturing date is 6months old! You should provide fresh strip of shelcal with recent manufacturing date!,0
Shelcal,great buy it now.,1
Shelcal,big size,0
Shelcal,Liked.,0
Shelcal,Nothing special. This is a medication my wife is regularly taking.,1
Shelcal,I liked it,1
Shelcal,Good for health,1
Shelcal,Using it more than 3 years,1
Shelcal,Good tablet,0
Shelcal,Delivery as usual,0
Shelcal,Getting relef in toe pain,1
Shelcal,It is run of a mill product. Nothing special.,1
Shelcal,It's good to have maintain calcium deficiency,1
Shelcal,Thanks,0
Shelcal,Calcium supplements are most post menopausal,1
Shelcal,You have sent wrong qty and missed one item which I never expected even after sending typed list in English,0
Shelcal,Shelcal is good calcium tablets.I take it daily regularly.,1
Shelcal,"Usual, genuine medicine",0
Shelcal,Good calcium substitute,1
Shelcal,Good,0
Shelcal,Calcium boosting,0
Shelcal,Good,0
Shelcal,This order was delivered timely as compared to other order which took more than 10 days to deliver,0
Shelcal,Not much effective,1
Shelcal,Very usefull,0
Shelcal,Itâ€™s a prescribed medicine to my mom.,1
Shelcal,Why don't you use local shops as delivery partner. It's preposterous that in today's day and age we need to wait ONE FREAKING WEEK FOR DELIVERY,0
Shelcal,Nothing to say.,1
Shelcal,Packing quality,0
Shelcal,It is ok,0
Shelcal,Very delayed delivery and if we wish to cancel they are not refunding the money instead adding it to their wallet which is not at all useful.,0
Shelcal,Didn't dislike anything,0
Shelcal,Delivery is slow,0
Shelcal,Good source of Calcium and Vitamin D3,1
Shelcal,very useful product,1
Shelcal,I like very much,0
Shelcal,Same as my previous reply,0
Shelcal,Speedy supply,0
Shelcal,Good package,0
Shelcal,The delivery experience was very good and quick.,0
Shelcal,Quick delivery,0
Shelcal,Feeling better,0
Shelcal,Timely delivery with less price,0
Shelcal,I like the home delivery service is very good.,0
Shelcal,Doctor's advice,0
Shelcal,like it,0
Shelcal,Delivery timing,0
Shelcal,Cheap but good,1
Shelcal,Very effective tablet for artho problem,1
Shelcal,Haddi lohe ke khambe ki tarah majbut hogai meri shelcal-500 kha kar. Itni mazbut ki ab train bhi mere upar sai nikal jaye to bhe mer haddi nahi tutegi. Takat itni achuki hai parvat 1 ungli par utha sakta hu,0
Shelcal,it was good,1
Shelcal,good medicine,0
Shelcal,Nothing,0
Shelcal,Good supplement,0
Shelcal,I take it occasionally so my experience is so so.,1
Shelcal,Punctuality price,0
Shelcal,Fast delivery,0
Shelcal,Quick service,0
Shelcal,Vitamin,0
Shelcal,Value for money,1
Shelcal,We needed more discount.,0
Shelcal,Good for calcium deficiency.,1
Shelcal,Rapid delivery..n good discount,0
Shelcal,this is good for calcium.,1
Shelcal,Good product,1
Shelcal,Good deals,0
Shelcal,Satisfied..no complaints yet..,1
Shelcal,Good product,0
Shelcal,Gud for bones,1
Shelcal,Best Calcium supplement.,1
Shelcal,Less discount,0
Shelcal,Great taste,0
Shelcal,All was good in perfect condition,1
Shelcal,It is good,1
Shelcal,Good packaging,0
Shelcal,Good service,0
Shelcal,Easy way to get medicine at your door step...,0
Shelcal,Good product,0
Shelcal,delivered on time.with discount,0
Shelcal,Good for diabetes,1
Shelcal,Effective,0
Shelcal,Very low performance,1
Shelcal,They are good for older persons,1
Shelcal,"NOT NOW,MAY GIVE FEEDBACK AFTER SEEING EFFECTS.",0
Shelcal,Always dependable,0
Shelcal,The product is genuine.,0
Shelcal,I didn't get on time,0
Shelcal,For my wife as prescribed by the Doctor to take care of calcium deficiency,1
Shelcal,perfect for calcium requirement,1
Shelcal,Discount rate very low other outside market,0
Shelcal,Speed of delivery and Discount,0
Shelcal,I am like it and also happy with the discount,0
Shelcal,Cooperation and fast supply,0
Shelcal,So far no side effects noticed,1
Shelcal,grofer is best,1
Shelcal,Excellent tablet,0
Shelcal,liked packing and delivery.,0
Shelcal,Vit D with Calcium,1
Shelcal,Like,0
Shelcal,please arrange immediately.Its very essential,0
Shelcal,"Good , it reduces deficiency of calcium ",1
Shelcal,Cheaper and better,1
Shelcal,Results are not upto the mark,1
Shelcal,size of tablet,0
Shelcal,I like Shelcal - 500 Tablet and using it for quite a long time. It is very suitable for me.,0
Shelcal,Andorra exp.,0
Shelcal,All good,0
Shelcal,Good,0
Shelcal,Better rates in the market,1
Shelcal,Advised by doctor,1
Shelcal,Discount is very less,0
Shelcal,Fast delivery with good packaging,0
Shelcal,Good source of calcium,1
Shelcal,Satisfactory,0
Shelcal,Rated good to treat calcium and vitamin deficiency.,1
Shelcal,Good,0
Shelcal,product is ok.,1
Shelcal,Nothing Variable,0
Shelcal,Delivery so lately...,0
Shelcal,Right choice,0
Shelcal,Good as calcium supplement,1
Shelcal,very expensive. will never buy now. first price is more secondly other chemists r offering much much more than u. i have been cheated,0
Shelcal,Good Packing. Genuine Medicines.,0
Shelcal,Sweet outer coating is easy to swallow,1
Shelcal,Less Discount,0
Shelcal,Muscle ache improved,1
Shelcal,"Doctor happy,  patient happy ",0
Shelcal,Liked it,0
Shelcal,Good,0
Shelcal,A known medicine for calcium deficiency. Very useful.,1
Shelcal,Food all,0
Shelcal,It MFD date and timely delivery.,0
Shelcal,its perfect for vitamin d3,1
Shelcal,The new print on the backside,1
Shelcal,Quality is not good,1
Shelcal,Very good item,1
Accucheck,I feel product is not original getting very low values,1
Accucheck,Box is low quality,0
Accucheck,Rate on app are Rs.799 while print on box are Rs.699,0
Accucheck,Gave me insta strip,1
Accucheck,Liked the product,0
Accucheck,Cost should be more competitive,1
Accucheck,Excellant for blood sugar checkup,0
Accucheck,Street nahin mila Mujhe,1
Accucheck,I order accucheck instant strip but got different item please replace it what will ido from it,1
Accucheck,i like it,0
Accucheck,Excellent service,0
Accucheck,nice product. I am using it since last 10 yrs.,1
Accucheck,good,0
Accucheck,I like the price and time delivery,0
Accucheck,Good,0
Accucheck,I dislike it as i was over charged,0
Accucheck,It is not working please return and  refund my money back,0
Accucheck,"Perfect packing and delivery , but price wise it s not so attractive",0
Accucheck,Price n delivery n quality,0
Accucheck,Your Courier partner is misleading and not delivering. Had to struggle with their customer support,0
Accucheck,"I like it because ,it is very cheap and having more period of expiry",0
Accucheck,On Dot Service,0
Accucheck,Mention the manufacturing date and expiry of Accu check in the bill also,0
Accucheck,Too much costly affair.,1
Accucheck,I like past delivery,0
Accucheck,Correct rejalet,0
Accucheck,Instant Delivery and Reasonable price!,0
Accucheck,For accuracy of Blood sugar monitoring on daily basis,1
Accucheck,Nothing,0
Accucheck,Fast delivery,0
Accucheck,Some of the stripes inside the box is not proper,1
Accucheck,All was well,1
Accucheck,It's ok,0
Accucheck,Your offered discounted price and fast delivery.,0
Accucheck,Good,0
Accucheck,Timely delivery,0
Accucheck,"Everything right from placing order to delivery was awesome. However, few strips were non-functional to our utter dismay. So strip quality wasn't totallu up to the mark.",0
Accucheck,Nice product and prompt delivery,0
Accucheck,Very good.,0
Accucheck,"like , good for sugar check at home",1
Accucheck,cost of strips is very high. seems you are taking advantage of the people who use it,0
Accucheck,There was no chip in package.....,0
Accucheck,Reasonable rates.,0
Accucheck,It shows quick results,1
Accucheck,Nice packaging,0
Accucheck,It is medium quality,0
Accucheck,Promt delivery,0
Accucheck,Box nicely timely delivered. Strips result is perfect,0
Accucheck,"Expiry date is 12/2020,this is very less",0
Accucheck,Good deal and genuine product,0
Accucheck,good services,0
Accucheck,It gives immediate results.,1
Accucheck,Speedy Delivery and price,0
Accucheck,Accurate reading,0
Accucheck,Good product,0
Accucheck,Good service,0
Accucheck,Suppliers are cheaters. They supply outdated medicines,0
Accucheck,"Ok , good",0
Accucheck,Price can still be refuced,1
Accucheck,Speed of delivery,0
Accucheck,Quick dispatch and timely delivery.,0
Accucheck,Late delivery,0
Accucheck,Its like. Good product,1
Accucheck,Its defected peice,1
Accucheck,Good packaging,0
Accucheck,Description was not clear,1
Accucheck,I liked,0
Accucheck,Precise results,0
Accucheck,"Everything was ok delivery,packing e.t.c just manufacturing date was of 2019 so was in little concerned. That the product is little old.",0
Accucheck,Timely delivery,0
Accucheck,Good strip. Keep it up,1
Accucheck,Well packed,0
Accucheck,Like and reasonable price and correct time delivery,0
Accucheck,No discount given,0
Accucheck,Item received fast,1
Accucheck,It had only 7 months validity on delivery against one year normal validity.   Your website is bad as it doesn't indicate the expiry before purchase and your executive says they can't send at least ten months validity strips as they are not aware of the same.,0
Accucheck,ghyukuyujredfehrbv,0
Accucheck,Strips not Working at all,1
Accucheck,Latest mfg date,0
Accucheck,The delivery was fast and good. Reason for low rating is payment option on delivery (Card payment on delivery should also be included). Thanks,0
Accucheck,"Timely delivery, competitive rates, ease of ordering",0
Accucheck,On time,0
Accucheck,You have not given any discount on my order of insulin for which complaint has been lodged but you prefer not to reply. Why to purchase from you. So many other sites are offering same discount,0
Accucheck,dislike,0
Accucheck,1year validity. Good packing.,0
Accucheck,Calibration takes time.,0
Accucheck,Good quality with long shelf life,1
Accucheck,Dislike due to price too much higher,1
Accucheck,Nice product,0
Accucheck,Working fine.,0
Accucheck,show E5,0
Accucheck,Late delivery,0
Accucheck,Easy  ordering,0
Accucheck,I like the accuracy,1
Accucheck,Damage in your accu chek active strip,0
Accucheck,Expected a longer expiry date. Your Product Listings should mention the expiry date too.,0
Accucheck,I liked the prompt service,0
Accucheck,Good product,0
Accucheck,I not needed,0
Accucheck,Not received the product.,0
Accucheck,The chip is not given that I actually was looking,0
Accucheck,The reading is very accurate,1
Accucheck,Good price with Comfortable expiry date,0
Accucheck,I PREFER A  STRIP THAT DRAW BLOOD .INSTEAD OF APPLYING DROP OFBLOOD  AT AN APPROPRIATE SPOT  IN THE STRIP,0
Accucheck,it was good service.,0
Accucheck,Reliable,0
Accucheck,It is a good product,1
Accucheck,Good,0
Accucheck,Not used yet,0
Accucheck,Wrongly ordered,0
Accucheck,Meets requirement,0
Accucheck,"The expiry of the product is only of 6 onth while I am a retail user, It is not at all physiable to me.",0
Accucheck,Timely delivery,0
Accucheck,Nyc packing,0
Accucheck,It is Genuine,0
Accucheck,Good as assured,1
Accucheck,"Only 40 strip inside,very bad expriece",0
Accucheck,Delivery time.. required fast delivery,0
Accucheck,Original product,0
Accucheck,Dislike,0
Accucheck,Quick result for test and easy to use.,1
Accucheck,Easy to use,1
Accucheck,Timly delivered and quality ie Good...,0
Accucheck,Well coordinated and on time service,0
Accucheck,I like it,0
Accucheck,Packaging was good. Delivery was on time. Overall satisfied as a customer.,0
Accucheck,You don't send the thing we ordered online. Even after you don't try to replace and give original which I wanted. No customer care service.,0
Accucheck,Using for monitoring diabetes,1
Accucheck,Packing should be  of 25 pics.,0
Accucheck,I like very much.,1
Accucheck,VVV. Good,0
Accucheck,time of delivery,0
Accucheck,EXCELLENT IN USE,1
Accucheck,Timely delivery,0
Accucheck,Good working,0
Accucheck,The packaging and on time delivery of the product,0
Accucheck,Good product,0
Accucheck,Good service,0
Accucheck,"The time/days took to deliver is really bad,",0
Accucheck,Work is good but activation chip missed,1
Accucheck,ALL IS WELL . NOTHING TO DISLIKE,0
Accucheck,Timely delivery,0
Accucheck,Timely delivery,0
Accucheck,Accurate Monitoring Device,1
Accucheck,Its ok,0
Accucheck,Customer service,0
Accucheck,It is good for testing the suger leable in the body,1
Accucheck,Excellent thing on excellent price,1
Accucheck,prompt delivery,0
Accucheck,Good product with expiry date of 2021,0
Accucheck,Expiry date was 2021,0
Accucheck,The test strip 50 box sent along with machine is not correct . It's not fitting in.,1
Accucheck,Good delivery,0
Accucheck,Late delivery,0
Accucheck,Very good,0
Accucheck,It's price and delivery,0
Accucheck,Faster delivery at reasonable cost,0
Accucheck,Like,0
Accucheck,Very fast delivery,0
Accucheck,Fast delivery,0
Accucheck,Very good.good resukts,1
Accucheck,"On same code-chip operating ,original ....fast 3days delivery,I appreciate...",0
Accucheck,Expiry Date was  good enough to help me in using the qty  I recd.,0
Accucheck,recent expiry date,0
Accucheck,Product was damage,0
Accucheck,OK.VERY COSTLY.,0
Accucheck,good,0
Accucheck,Promt response and delivery. Maximum discounts received.,0
Accucheck,Not working,0
Accucheck,I think its genuine and perfect,0
Accucheck,courier service,0
Accucheck,Price and authenticity,1
Accucheck,I want to return,0
Accucheck,Dislike that there is no provision to change thective test strips to instant test strips.,1
Accucheck,Yeah that is ok.,0
Accucheck,One of the packet containkng 50 strips was found to be opened,0
Accucheck,Easy to use and accurate results,1
Accucheck,Try to mention the expiry date and mfg date in the product description of certain products,0
Accucheck,Accu check strip box don't have code strip,1
Accucheck,"Prompt delivery,good rebate.",0
Accucheck,Delivery is good,0
Accucheck,Gud rate,0
Accucheck,compared with the diagnostic lab results on the same day and the results are almost comparable..Liked the product,1
Accucheck,Wrong item sent and no remedy for that,0
Accucheck,Excellent,0
Accucheck,for prompt delivary and accurate product,0
Accucheck,I think these are the best,0
Accucheck,Delivery time is too late,0
Accucheck,YOUR PROMPT SERVICE,0
Accucheck,Very good service,0
Accucheck,Delivery,0
Accucheck,"Delivered on time, expecting next day deliver service",0
Accucheck,Accurate measurement,0
Accucheck,Very good,0
Accucheck,easy to use.,0
Accucheck,Easy to use and result in seconds....,1
Accucheck,Smart insert missing i complained on app but no reply from your end. Please can you help me,0
Accucheck,Purchase with best offer,1
Accucheck,Same code 333,1
Accucheck,"Late delivery, division of orders,",0
Accucheck,No complaints.,0
Accucheck,On time delivery and discount,0
Accucheck,Easy to.use,0
Accucheck,Very good,0
Accucheck,Discount should have been given.,0
Accucheck,Cost is high,1
Accucheck,Dependable and easy to use .,1
Accucheck,"In Accu Chen active test strip box , chip was not available.So no use for me. Without chip I canâ€™t test . Waste of money",0
Accucheck,Packaging,0
Accucheck,"Price is very high. Would be a blessing to senior citizens like me,if the price could be reduced.",0
Accucheck,Very good every thing,1
Accucheck,Out if 5 strips one strip was showing error.,1
Accucheck,Good,1
Accucheck,Delivery was in time and product found well enuin with packing.,0
Accucheck,Expiration date is max,0
Accucheck,Itâ€™s doing itâ€™s work for which itâ€™s purchased.,1
Accucheck,Good,1
Accucheck,very easily to get medicines which are genuine.,0
Accucheck,Prompt follow and quick disosal,0
Accucheck,There was no information regarding expiry date. But received strips with reasonable expiry date.,0
Accucheck,Nice,0
Accucheck,Expired stripes written 2020 but expired in July only,0
Accucheck,Excellent for regular n easy gluco meter,1
Accucheck,Product and price is good but delivery services should be improved,0
Accucheck,"the worst product from the company, we couldn't find coding chip inside the product.and complain it to certain person but I can't get satisfied answer ",1
Accucheck,all ok,0
Accucheck,wqwasdbggn,0
Accucheck,I loved this product.Shelcal gives energy.,1
Accucheck,It did not serve my purpose since my machine is different.,1
Accucheck,Good deal,0
Accucheck,good service,0
Accucheck,Good results,0
Accucheck,Delivered on time,0
Accucheck,I was not delivered the right product,0
Accucheck,Liked the package,0
Accucheck,Fast delivery,0
Accucheck,Good,0
Accucheck,Packing,0
Accucheck,Fast delivery,0
Accucheck,It is good,0
Accucheck,Delivery was on time and there was reasonably good discount on the product,0
Accucheck,Early delivery with online payment mode,0
Accucheck,Strip very good but price is very high with other brands,1
Accucheck,Fast delivery,0
Accucheck,New box only i got,0
Accucheck,All Good,0
Accucheck,Has been using for long time,0
Accucheck,I purchased Accu Check Instant Machine and ordered strips for this machine.after recieved noticed stops are not suitable for this machine,1
Accucheck,Pack was found opened,0
Accucheck,Price is high,0
Accucheck,No comments,0
Accucheck,Good,0
Accucheck,I am using since many yr.,1
Accucheck,Worked perfectly. No coding required either.,1
Accucheck,Good boy,0
Accucheck,All are good except only one - the price is too much high.,1
Accucheck,Late delivery and I am not able to redeem my wallet money.,0
Accucheck,Timely delivered,0
Accucheck,Long delivery time,0
Accucheck,Received as described,1
Accucheck,Good,0
Accucheck,Delivery before shedual givan,0
Accucheck,Timely delivery of the product,0
Accucheck,The product appears on the cart is different from what I have recieved. Totally disappointed,0
Accucheck,"Timely supply,and good product",0
Accucheck,Cost is not competative,0
Accucheck,at first the delivered product was wrong one which was later replaced.,0
Accucheck,Product mismatch,0
Accucheck,"Still I have not get this product and this one is still missing, and behalf of urs u doesn't follow up my complain",0
Accucheck,Good. Delivery on time,0
Accucheck,Price and discounts,0
Accucheck,Very affective and accurate strips,1
Accucheck,Best product,0
Accucheck,Reduction in MRP,0
Accucheck,Correct  measurement  cheaper in comparison  buying in open market,1
Accucheck,Reliable price,0
Accucheck,Nothing to dislike,0
Accucheck,Donot like the billing procedure,0
Accucheck,I have been using it for my grandfather since past 10years. This is a great product to test blood sugar at home in just few seconds. Accuracy is 80%.,1
Accucheck,Fast and Reliable Product. Ordered it for my father. ,1
Accucheck,Please process fst,0
Accucheck,Nothing specific about the strip though.,0
Accucheck,Good service,0
Accucheck,Due to exp date is very near,0
Accucheck,I have been using it for some time and was fully aware of the product,0
Accucheck,The strips showing E 1    error and not recording,1
Accucheck,Need improvement delivery,0
Accucheck,Reliable and economic,1
Accucheck,timely delivery,0
Accucheck,Nothing special,0
Accucheck,Like,0
Accucheck,Nothing all is good,0
Accucheck,Prompt Delivery,0
Accucheck,Arrived fast and exact material ordered,0
Accucheck,Willingness to help,1
Accucheck,Ft GM,0
Accucheck,I like,0
Accucheck,Nice price with long expiry,0
Accucheck,Price & Service,0
Accucheck,Good discount,0
